zone,lat,lon,ci_now,trend_b,country,grade,ci_2026,ci_2027,ci_2028,ci_2029,ci_2030,diff_2030_2026,pct_change,hover_diff
SE-SE4,56.5743,14.3943,39.3,-0.058324,Sweden,A,37.0,34.7,32.4,30.1,27.8,-9.2,-24.9,<b>SE-SE4</b> (Sweden)<br>CI 2026: 37 gCO₂/kWh<br>CI 2030: 28 gCO₂/kWh<br>Δ: <b>-9</b> (-24.9%)<br>Trend: -5.83%/yr
SE-SE3,59.3626,14.7931,28.9,-0.002349,Sweden,A,28.8,28.7,28.7,28.6,28.5,-0.3,-1.0,<b>SE-SE3</b> (Sweden)<br>CI 2026: 29 gCO₂/kWh<br>CI 2030: 28 gCO₂/kWh<br>Δ: <b>-0</b> (-1.0%)<br>Trend: -0.23%/yr
SE-SE2,63.5966,15.999,26.4,-0.064606,Sweden,A,24.7,23.0,21.3,19.6,17.9,-6.8,-27.5,<b>SE-SE2</b> (Sweden)<br>CI 2026: 25 gCO₂/kWh<br>CI 2030: 18 gCO₂/kWh<br>Δ: <b>-7</b> (-27.5%)<br>Trend: -6.46%/yr
SE-SE1,66.7495,20.0856,27.1,-0.019884,Sweden,A,26.6,26.0,25.5,25.0,24.4,-2.2,-8.3,<b>SE-SE1</b> (Sweden)<br>CI 2026: 27 gCO₂/kWh<br>CI 2030: 24 gCO₂/kWh<br>Δ: <b>-2</b> (-8.3%)<br>Trend: -1.99%/yr
XX,35.2827,33.6068,485.6,-0.028418,Unknown,D,471.8,458.0,444.2,430.4,416.6,-55.2,-11.7,<b>XX</b> (Unknown)<br>CI 2026: 472 gCO₂/kWh<br>CI 2030: 417 gCO₂/kWh<br>Δ: <b>-55</b> (-11.7%)<br>Trend: -2.84%/yr
AE,23.9146,54.3307,317.5,-0.041065,United Arab Emirates,C,304.5,291.4,278.4,265.4,252.3,-52.2,-17.1,<b>AE</b> (United Arab Emirates)<br>CI 2026: 304 gCO₂/kWh<br>CI 2030: 252 gCO₂/kWh<br>Δ: <b>-52</b> (-17.1%)<br>Trend: -4.11%/yr
AL,41.1353,20.0568,551.0,-0.086273,North Macedonia,E,503.4,455.9,408.4,360.8,313.3,-190.1,-37.8,<b>AL</b> (North Macedonia)<br>CI 2026: 503 gCO₂/kWh<br>CI 2030: 313 gCO₂/kWh<br>Δ: <b>-190</b> (-37.8%)<br>Trend: -8.63%/yr
AD,42.5356,1.5811,319.7,-0.080671,Unknown,C,293.9,268.2,242.4,216.6,190.8,-103.1,-35.1,<b>AD</b> (Unknown)<br>CI 2026: 294 gCO₂/kWh<br>CI 2030: 191 gCO₂/kWh<br>Δ: <b>-103</b> (-35.1%)<br>Trend: -8.07%/yr
AO,-12.2899,17.5363,198.0,0.0061,Angola,B,199.2,200.5,201.7,202.9,204.1,4.9,2.5,<b>AO</b> (Angola)<br>CI 2026: 199 gCO₂/kWh<br>CI 2030: 204 gCO₂/kWh<br>Δ: <b>+5</b> (+2.5%)<br>Trend: 0.61%/yr
AG,17.0902,-61.782,501.5,-0.00663,Guadeloupe,D,498.2,494.9,491.5,488.2,484.9,-13.3,-2.7,<b>AG</b> (Guadeloupe)<br>CI 2026: 498 gCO₂/kWh<br>CI 2030: 485 gCO₂/kWh<br>Δ: <b>-13</b> (-2.7%)<br>Trend: -0.66%/yr
AR,-35.3877,-65.18,232.0,0.063853,Argentina,B,246.8,261.6,276.4,291.2,306.0,59.2,24.0,<b>AR</b> (Argentina)<br>CI 2026: 247 gCO₂/kWh<br>CI 2030: 306 gCO₂/kWh<br>Δ: <b>+59</b> (+24.0%)<br>Trend: 6.39%/yr
AM,40.2842,44.9327,230.7,-0.002738,Armenia,B,230.1,229.5,228.8,228.2,227.6,-2.5,-1.1,<b>AM</b> (Armenia)<br>CI 2026: 230 gCO₂/kWh<br>CI 2030: 228 gCO₂/kWh<br>Δ: <b>-2</b> (-1.1%)<br>Trend: -0.27%/yr
AT,47.5843,14.1349,110.8,-0.052945,Austria,A,104.9,99.0,93.2,87.3,81.4,-23.5,-22.4,<b>AT</b> (Austria)<br>CI 2026: 105 gCO₂/kWh<br>CI 2030: 81 gCO₂/kWh<br>Δ: <b>-24</b> (-22.4%)<br>Trend: -5.29%/yr
AU-NSW,-32.1767,147.0253,585.4,-0.0299,Australia,E,567.9,550.4,532.9,515.4,497.9,-70.0,-12.3,<b>AU-NSW</b> (Australia)<br>CI 2026: 568 gCO₂/kWh<br>CI 2030: 498 gCO₂/kWh<br>Δ: <b>-70</b> (-12.3%)<br>Trend: -2.99%/yr
AU-NT,-19.4251,133.3649,479.2,0.02236,Australia,D,489.9,500.7,511.4,522.1,532.8,42.9,8.8,<b>AU-NT</b> (Australia)<br>CI 2026: 490 gCO₂/kWh<br>CI 2030: 533 gCO₂/kWh<br>Δ: <b>+43</b> (+8.8%)<br>Trend: 2.24%/yr
AU-QLD,-22.5716,144.5504,603.4,-0.0299,Australia,E,585.4,567.3,549.3,531.2,513.2,-72.2,-12.3,<b>AU-QLD</b> (Australia)<br>CI 2026: 585 gCO₂/kWh<br>CI 2030: 513 gCO₂/kWh<br>Δ: <b>-72</b> (-12.3%)<br>Trend: -2.99%/yr
AU-SA,-30.1088,135.8297,299.2,-0.0299,Australia,C,290.3,281.3,272.4,263.4,254.5,-35.8,-12.3,<b>AU-SA</b> (Australia)<br>CI 2026: 290 gCO₂/kWh<br>CI 2030: 254 gCO₂/kWh<br>Δ: <b>-36</b> (-12.3%)<br>Trend: -2.99%/yr
AU-TAS,-42.0262,146.6036,230.4,0.15,Australia,B,264.9,299.5,334.1,368.6,403.2,138.3,52.2,<b>AU-TAS</b> (Australia)<br>CI 2026: 265 gCO₂/kWh<br>CI 2030: 403 gCO₂/kWh<br>Δ: <b>+138</b> (+52.2%)<br>Trend: 15.00%/yr
AU-TAS-KI,-39.8736,143.9849,535.5,-0.019775,Australia,D,524.9,514.4,503.8,493.2,482.6,-42.3,-8.1,<b>AU-TAS-KI</b> (Australia)<br>CI 2026: 525 gCO₂/kWh<br>CI 2030: 483 gCO₂/kWh<br>Δ: <b>-42</b> (-8.1%)<br>Trend: -1.98%/yr
AU-TAS-FI,-40.0062,148.0649,404.5,-0.026811,Australia,C,393.6,382.8,371.9,361.1,350.2,-43.4,-11.0,<b>AU-TAS-FI</b> (Australia)<br>CI 2026: 394 gCO₂/kWh<br>CI 2030: 350 gCO₂/kWh<br>Δ: <b>-43</b> (-11.0%)<br>Trend: -2.68%/yr
AU-TAS-CBI,-40.4101,148.2481,428.1,-0.026811,Australia,D,416.7,405.2,393.7,382.2,370.7,-46.0,-11.0,<b>AU-TAS-CBI</b> (Australia)<br>CI 2026: 417 gCO₂/kWh<br>CI 2030: 371 gCO₂/kWh<br>Δ: <b>-46</b> (-11.0%)<br>Trend: -2.68%/yr
AU-VIC,-36.8543,144.3039,557.5,-0.023793,Australia,E,544.3,531.0,517.7,504.5,491.2,-53.1,-9.8,<b>AU-VIC</b> (Australia)<br>CI 2026: 544 gCO₂/kWh<br>CI 2030: 491 gCO₂/kWh<br>Δ: <b>-53</b> (-9.8%)<br>Trend: -2.38%/yr
AU-WA,-25.4707,122.1798,461.5,0.011851,Australia,D,466.9,472.4,477.9,483.3,488.8,21.9,4.7,<b>AU-WA</b> (Australia)<br>CI 2026: 467 gCO₂/kWh<br>CI 2030: 489 gCO₂/kWh<br>Δ: <b>+22</b> (+4.7%)<br>Trend: 1.19%/yr
AX,60.2085,19.9323,37.5,-0.06148,Sweden,A,35.2,32.9,30.6,28.3,26.0,-9.2,-26.1,<b>AX</b> (Sweden)<br>CI 2026: 35 gCO₂/kWh<br>CI 2030: 26 gCO₂/kWh<br>Δ: <b>-9</b> (-26.1%)<br>Trend: -6.15%/yr
AZ,40.2914,47.5295,456.9,-0.012779,Azerbaijan,D,451.1,445.2,439.4,433.5,427.7,-23.4,-5.2,<b>AZ</b> (Azerbaijan)<br>CI 2026: 451 gCO₂/kWh<br>CI 2030: 428 gCO₂/kWh<br>Δ: <b>-23</b> (-5.2%)<br>Trend: -1.28%/yr
BA,44.1656,17.776,570.8,-0.016056,Bosnia and Herzegovina,E,561.7,552.5,543.3,534.2,525.0,-36.7,-6.5,<b>BA</b> (Bosnia and Herzegovina)<br>CI 2026: 562 gCO₂/kWh<br>CI 2030: 525 gCO₂/kWh<br>Δ: <b>-37</b> (-6.5%)<br>Trend: -1.61%/yr
BB,13.1967,-59.5488,524.2,-0.001545,Barbados,D,523.4,522.5,521.7,520.9,520.1,-3.3,-0.6,<b>BB</b> (Barbados)<br>CI 2026: 523 gCO₂/kWh<br>CI 2030: 520 gCO₂/kWh<br>Δ: <b>-3</b> (-0.6%)<br>Trend: -0.15%/yr
BD,23.8407,90.2345,512.0,0.015313,Bangladesh,D,519.8,527.6,535.5,543.3,551.2,31.4,6.0,<b>BD</b> (Bangladesh)<br>CI 2026: 520 gCO₂/kWh<br>CI 2030: 551 gCO₂/kWh<br>Δ: <b>+31</b> (+6.0%)<br>Trend: 1.53%/yr
BE,50.637,4.6478,122.3,-0.086605,Belgium,A,111.8,101.2,90.6,80.0,69.4,-42.4,-37.9,<b>BE</b> (Belgium)<br>CI 2026: 112 gCO₂/kWh<br>CI 2030: 69 gCO₂/kWh<br>Δ: <b>-42</b> (-37.9%)<br>Trend: -8.66%/yr
BH,26.0176,50.5464,373.4,0.02774,Bahrain,C,383.7,394.1,404.4,414.8,425.1,41.4,10.8,<b>BH</b> (Bahrain)<br>CI 2026: 384 gCO₂/kWh<br>CI 2030: 425 gCO₂/kWh<br>Δ: <b>+41</b> (+10.8%)<br>Trend: 2.77%/yr
BJ,9.6464,2.3303,307.1,0.0088,Nigeria,C,309.8,312.5,315.2,318.0,320.7,10.9,3.5,<b>BJ</b> (Nigeria)<br>CI 2026: 310 gCO₂/kWh<br>CI 2030: 321 gCO₂/kWh<br>Δ: <b>+11</b> (+3.5%)<br>Trend: 0.88%/yr
BO,-16.702,-64.6843,229.7,0.038222,Bolivia,B,238.5,247.3,256.1,264.9,273.6,35.1,14.7,<b>BO</b> (Bolivia)<br>CI 2026: 238 gCO₂/kWh<br>CI 2030: 274 gCO₂/kWh<br>Δ: <b>+35</b> (+14.7%)<br>Trend: 3.82%/yr
BR-CS,-16.0373,-53.0303,79.6,-0.15,Brazil,A,67.6,55.7,43.8,31.8,19.9,-47.7,-70.6,<b>BR-CS</b> (Brazil)<br>CI 2026: 68 gCO₂/kWh<br>CI 2030: 20 gCO₂/kWh<br>Δ: <b>-48</b> (-70.6%)<br>Trend: -15.00%/yr
BR-N,-4.0644,-57.3007,91.5,-0.044366,Brazil,A,87.4,83.4,79.3,75.2,71.2,-16.2,-18.5,<b>BR-N</b> (Brazil)<br>CI 2026: 87 gCO₂/kWh<br>CI 2030: 71 gCO₂/kWh<br>Δ: <b>-16</b> (-18.5%)<br>Trend: -4.44%/yr
BR-NE,-9.5695,-40.7829,46.0,0.134211,Brazil,A,52.1,58.3,64.5,70.6,76.8,24.7,47.4,<b>BR-NE</b> (Brazil)<br>CI 2026: 52 gCO₂/kWh<br>CI 2030: 77 gCO₂/kWh<br>Δ: <b>+25</b> (+47.4%)<br>Trend: 13.42%/yr
BR-S,-27.5777,-52.2657,63.3,-0.00062,Brazil,A,63.3,63.3,63.2,63.2,63.1,-0.2,-0.3,<b>BR-S</b> (Brazil)<br>CI 2026: 63 gCO₂/kWh<br>CI 2030: 63 gCO₂/kWh<br>Δ: <b>-0</b> (-0.3%)<br>Trend: -0.06%/yr
BS,24.4457,-76.8166,313.7,0.00079,Bahamas,C,313.9,314.2,314.4,314.7,314.9,1.0,0.3,<b>BS</b> (Bahamas)<br>CI 2026: 314 gCO₂/kWh<br>CI 2030: 315 gCO₂/kWh<br>Δ: <b>+1</b> (+0.3%)<br>Trend: 0.08%/yr
BT,27.4295,90.4035,509.8,0.046086,India,D,533.3,556.8,580.2,603.7,627.2,93.9,17.6,<b>BT</b> (India)<br>CI 2026: 533 gCO₂/kWh<br>CI 2030: 627 gCO₂/kWh<br>Δ: <b>+94</b> (+17.6%)<br>Trend: 4.61%/yr
BW,-22.1872,23.8083,758.8,0.0124,Botswana,F,768.2,777.6,787.0,796.4,805.9,37.7,4.9,<b>BW</b> (Botswana)<br>CI 2026: 768 gCO₂/kWh<br>CI 2030: 806 gCO₂/kWh<br>Δ: <b>+38</b> (+4.9%)<br>Trend: 1.24%/yr
BY,53.5326,28.0337,426.2,-0.084286,Belarus,D,390.2,354.3,318.4,282.5,246.6,-143.6,-36.8,<b>BY</b> (Belarus)<br>CI 2026: 390 gCO₂/kWh<br>CI 2030: 247 gCO₂/kWh<br>Δ: <b>-144</b> (-36.8%)<br>Trend: -8.43%/yr
BZ,17.202,-88.6991,333.2,0.015692,Belize,C,338.5,343.7,348.9,354.1,359.4,20.9,6.2,<b>BZ</b> (Belize)<br>CI 2026: 338 gCO₂/kWh<br>CI 2030: 359 gCO₂/kWh<br>Δ: <b>+21</b> (+6.2%)<br>Trend: 1.57%/yr
BN,4.5079,114.7044,300.6,0.066088,Brunei,C,320.5,340.3,360.2,380.1,399.9,79.4,24.8,<b>BN</b> (Brunei)<br>CI 2026: 320 gCO₂/kWh<br>CI 2030: 400 gCO₂/kWh<br>Δ: <b>+79</b> (+24.8%)<br>Trend: 6.61%/yr
BG,42.7727,25.2236,386.4,-0.097837,Bulgaria,C,348.6,310.8,273.0,235.2,197.4,-151.2,-43.4,<b>BG</b> (Bulgaria)<br>CI 2026: 349 gCO₂/kWh<br>CI 2030: 197 gCO₂/kWh<br>Δ: <b>-151</b> (-43.4%)<br>Trend: -9.78%/yr
BF,12.2693,-1.7509,303.9,0.007544,Burkina Faso,C,306.2,308.5,310.8,313.1,315.4,9.2,3.0,<b>BF</b> (Burkina Faso)<br>CI 2026: 306 gCO₂/kWh<br>CI 2030: 315 gCO₂/kWh<br>Δ: <b>+9</b> (+3.0%)<br>Trend: 0.75%/yr
CA-AB,55.1666,-114.5088,349.0,0.021976,Canada,C,356.7,364.3,372.0,379.7,387.3,30.6,8.6,<b>CA-AB</b> (Canada)<br>CI 2026: 357 gCO₂/kWh<br>CI 2030: 387 gCO₂/kWh<br>Δ: <b>+31</b> (+8.6%)<br>Trend: 2.20%/yr
CA-BC,54.7209,-124.7939,53.2,0.0394,Canada,A,55.3,57.4,59.5,61.6,63.7,8.4,15.2,<b>CA-BC</b> (Canada)<br>CI 2026: 55 gCO₂/kWh<br>CI 2030: 64 gCO₂/kWh<br>Δ: <b>+8</b> (+15.2%)<br>Trend: 3.94%/yr
CA-MB,55.013,-97.417,27.4,0.0394,Canada,A,28.5,29.5,30.6,31.7,32.8,4.3,15.1,<b>CA-MB</b> (Canada)<br>CI 2026: 28 gCO₂/kWh<br>CI 2030: 33 gCO₂/kWh<br>Δ: <b>+4</b> (+15.1%)<br>Trend: 3.94%/yr
CA-NB,46.634,-66.3862,129.5,0.040829,Canada,A,134.8,140.0,145.3,150.6,155.9,21.1,15.7,<b>CA-NB</b> (Canada)<br>CI 2026: 135 gCO₂/kWh<br>CI 2030: 156 gCO₂/kWh<br>Δ: <b>+21</b> (+15.7%)<br>Trend: 4.08%/yr
CA-NS,45.1598,-63.3011,446.2,0.044734,Canada,D,466.1,486.1,506.1,526.0,546.0,79.9,17.1,<b>CA-NS</b> (Canada)<br>CI 2026: 466 gCO₂/kWh<br>CI 2030: 546 gCO₂/kWh<br>Δ: <b>+80</b> (+17.1%)<br>Trend: 4.47%/yr
CA-ON,50.4456,-86.07,111.3,0.004744,Canada,A,111.9,112.4,112.9,113.4,114.0,2.1,1.9,<b>CA-ON</b> (Canada)<br>CI 2026: 112 gCO₂/kWh<br>CI 2030: 114 gCO₂/kWh<br>Δ: <b>+2</b> (+1.9%)<br>Trend: 0.47%/yr
CA-PE,46.397,-63.2683,226.8,0.047097,Canada,B,237.5,248.2,258.9,269.6,280.2,42.7,18.0,<b>CA-PE</b> (Canada)<br>CI 2026: 238 gCO₂/kWh<br>CI 2030: 280 gCO₂/kWh<br>Δ: <b>+43</b> (+18.0%)<br>Trend: 4.71%/yr
CA-QC,53.3932,-71.7887,37.8,0.0394,Canada,A,39.3,40.8,42.2,43.7,45.2,5.9,15.0,<b>CA-QC</b> (Canada)<br>CI 2026: 39 gCO₂/kWh<br>CI 2030: 45 gCO₂/kWh<br>Δ: <b>+6</b> (+15.0%)<br>Trend: 3.94%/yr
CA-SK,54.421,-105.9002,413.0,0.053053,Canada,D,434.9,456.9,478.8,500.7,522.6,87.7,20.2,<b>CA-SK</b> (Canada)<br>CI 2026: 435 gCO₂/kWh<br>CI 2030: 523 gCO₂/kWh<br>Δ: <b>+88</b> (+20.2%)<br>Trend: 5.31%/yr
CA-YT,63.6338,-135.5101,137.0,-0.043,United States,B,131.1,125.3,119.4,113.5,107.6,-23.5,-17.9,<b>CA-YT</b> (United States)<br>CI 2026: 131 gCO₂/kWh<br>CI 2030: 108 gCO₂/kWh<br>Δ: <b>-24</b> (-17.9%)<br>Trend: -4.30%/yr
CG,-0.8353,15.2192,11.3,0.0,Congo,A,11.3,11.3,11.3,11.3,11.3,0.0,0.0,<b>CG</b> (Congo)<br>CI 2026: 11 gCO₂/kWh<br>CI 2030: 11 gCO₂/kWh<br>Δ: <b>+0</b> (+0.0%)<br>Trend: 0.00%/yr
CH,46.8059,8.2194,46.8,-0.091883,Switzerland,A,42.5,38.2,33.9,29.6,25.3,-17.2,-40.5,<b>CH</b> (Switzerland)<br>CI 2026: 42 gCO₂/kWh<br>CI 2030: 25 gCO₂/kWh<br>Δ: <b>-17</b> (-40.5%)<br>Trend: -9.19%/yr
CI,7.6324,-5.5657,305.6,-0.0152,Cote d'Ivoire,C,301.0,296.3,291.7,287.0,282.4,-18.6,-6.2,<b>CI</b> (Cote d'Ivoire)<br>CI 2026: 301 gCO₂/kWh<br>CI 2030: 282 gCO₂/kWh<br>Δ: <b>-19</b> (-6.2%)<br>Trend: -1.52%/yr
CL-SEN,-30.647,-70.7184,252.5,-0.122523,Chile,B,221.5,190.6,159.7,128.7,97.8,-123.7,-55.8,<b>CL-SEN</b> (Chile)<br>CI 2026: 222 gCO₂/kWh<br>CI 2030: 98 gCO₂/kWh<br>Δ: <b>-124</b> (-55.8%)<br>Trend: -12.25%/yr
CL-CHP,-27.1188,-109.3457,82.0,-0.15,Chile,A,69.7,57.4,45.1,32.8,20.5,-49.2,-70.6,<b>CL-CHP</b> (Chile)<br>CI 2026: 70 gCO₂/kWh<br>CI 2030: 20 gCO₂/kWh<br>Δ: <b>-49</b> (-70.6%)<br>Trend: -15.00%/yr
CN,36.5591,103.8246,129.0,0.001409,China,A,129.2,129.4,129.5,129.7,129.9,0.7,0.5,<b>CN</b> (China)<br>CI 2026: 129 gCO₂/kWh<br>CI 2030: 130 gCO₂/kWh<br>Δ: <b>+1</b> (+0.5%)<br>Trend: 0.14%/yr
CO,3.9114,-73.083,175.6,0.106012,Colombia,B,194.2,212.8,231.4,250.1,268.7,74.5,38.4,<b>CO</b> (Colombia)<br>CI 2026: 194 gCO₂/kWh<br>CI 2030: 269 gCO₂/kWh<br>Δ: <b>+74</b> (+38.4%)<br>Trend: 10.60%/yr
CR,9.9746,-84.1921,104.9,0.125609,Costa Rica,A,118.1,131.3,144.5,157.7,170.8,52.7,44.6,<b>CR</b> (Costa Rica)<br>CI 2026: 118 gCO₂/kWh<br>CI 2030: 171 gCO₂/kWh<br>Δ: <b>+53</b> (+44.6%)<br>Trend: 12.56%/yr
CU,21.6142,-79.0121,347.1,-0.059627,Cuba,C,326.4,305.7,285.0,264.3,243.6,-82.8,-25.4,<b>CU</b> (Cuba)<br>CI 2026: 326 gCO₂/kWh<br>CI 2030: 244 gCO₂/kWh<br>Δ: <b>-83</b> (-25.4%)<br>Trend: -5.96%/yr
CY,34.925,33.0235,509.4,-0.05601,Cyprus,D,480.9,452.3,423.8,395.3,366.7,-114.2,-23.7,<b>CY</b> (Cyprus)<br>CI 2026: 481 gCO₂/kWh<br>CI 2030: 367 gCO₂/kWh<br>Δ: <b>-114</b> (-23.7%)<br>Trend: -5.60%/yr
CZ,49.7321,15.3092,478.8,-0.094331,Czechia,D,433.6,388.5,343.3,298.1,253.0,-180.6,-41.7,<b>CZ</b> (Czechia)<br>CI 2026: 434 gCO₂/kWh<br>CI 2030: 253 gCO₂/kWh<br>Δ: <b>-181</b> (-41.7%)<br>Trend: -9.43%/yr
DE,51.1044,10.3827,345.6,-0.076748,Germany,C,319.0,292.5,266.0,239.5,213.0,-106.0,-33.2,<b>DE</b> (Germany)<br>CI 2026: 319 gCO₂/kWh<br>CI 2030: 213 gCO₂/kWh<br>Δ: <b>-106</b> (-33.2%)<br>Trend: -7.67%/yr
DJ,11.7481,42.5639,73.9,0.025923,Djibouti,A,75.8,77.7,79.6,81.5,83.4,7.6,10.0,<b>DJ</b> (Djibouti)<br>CI 2026: 76 gCO₂/kWh<br>CI 2030: 83 gCO₂/kWh<br>Δ: <b>+8</b> (+10.0%)<br>Trend: 2.59%/yr
DK-DK1,56.1526,9.4712,127.2,-0.089064,Denmark,A,115.9,104.6,93.2,81.9,70.6,-45.3,-39.1,<b>DK-DK1</b> (Denmark)<br>CI 2026: 116 gCO₂/kWh<br>CI 2030: 71 gCO₂/kWh<br>Δ: <b>-45</b> (-39.1%)<br>Trend: -8.91%/yr
DK-DK2,55.4007,11.8412,127.5,-0.0515,Denmark,A,120.9,114.3,107.8,101.2,94.6,-26.3,-21.8,<b>DK-DK2</b> (Denmark)<br>CI 2026: 121 gCO₂/kWh<br>CI 2030: 95 gCO₂/kWh<br>Δ: <b>-26</b> (-21.8%)<br>Trend: -5.15%/yr
DK-BHM,55.1382,14.9067,36.4,-0.035522,Denmark,A,35.1,33.8,32.5,31.2,29.9,-5.2,-14.8,<b>DK-BHM</b> (Denmark)<br>CI 2026: 35 gCO₂/kWh<br>CI 2030: 30 gCO₂/kWh<br>Δ: <b>-5</b> (-14.8%)<br>Trend: -3.55%/yr
DM,15.4296,-61.3546,473.0,-0.00663,Martinique,D,469.8,466.7,463.6,460.4,457.3,-12.5,-2.7,<b>DM</b> (Martinique)<br>CI 2026: 470 gCO₂/kWh<br>CI 2030: 457 gCO₂/kWh<br>Δ: <b>-12</b> (-2.7%)<br>Trend: -0.66%/yr
DO,18.8924,-70.5164,490.0,0.027112,Dominican Republic,D,503.3,516.6,529.9,543.1,556.4,53.1,10.6,<b>DO</b> (Dominican Republic)<br>CI 2026: 503 gCO₂/kWh<br>CI 2030: 556 gCO₂/kWh<br>Δ: <b>+53</b> (+10.6%)<br>Trend: 2.71%/yr
DZ,28.1483,2.656,379.0,0.02997,Algeria,C,390.4,401.8,413.1,424.5,435.8,45.4,11.6,<b>DZ</b> (Algeria)<br>CI 2026: 390 gCO₂/kWh<br>CI 2030: 436 gCO₂/kWh<br>Δ: <b>+45</b> (+11.6%)<br>Trend: 3.00%/yr
EE,58.6741,25.5354,243.8,-0.073866,Estonia,B,225.8,207.8,189.8,171.8,153.8,-72.0,-31.9,<b>EE</b> (Estonia)<br>CI 2026: 226 gCO₂/kWh<br>CI 2030: 154 gCO₂/kWh<br>Δ: <b>-72</b> (-31.9%)<br>Trend: -7.39%/yr
EG,26.4977,29.8601,353.9,0.058314,Egypt,C,374.6,395.2,415.9,436.5,457.1,82.5,22.0,<b>EG</b> (Egypt)<br>CI 2026: 375 gCO₂/kWh<br>CI 2030: 457 gCO₂/kWh<br>Δ: <b>+82</b> (+22.0%)<br>Trend: 5.83%/yr
EH,24.662,-13.1401,404.6,0.004461,Mauritania,C,406.4,408.2,410.0,411.8,413.6,7.2,1.8,<b>EH</b> (Mauritania)<br>CI 2026: 406 gCO₂/kWh<br>CI 2030: 414 gCO₂/kWh<br>Δ: <b>+7</b> (+1.8%)<br>Trend: 0.45%/yr
ES,40.3889,-3.5644,120.7,-0.067499,Spain,A,112.6,104.4,96.3,88.1,80.0,-32.6,-29.0,<b>ES</b> (Spain)<br>CI 2026: 113 gCO₂/kWh<br>CI 2030: 80 gCO₂/kWh<br>Δ: <b>-33</b> (-29.0%)<br>Trend: -6.75%/yr
ES-CN-LP,28.679,-17.8539,480.8,-0.050169,Spain,D,456.7,432.6,408.5,384.3,360.2,-96.5,-21.1,<b>ES-CN-LP</b> (Spain)<br>CI 2026: 457 gCO₂/kWh<br>CI 2030: 360 gCO₂/kWh<br>Δ: <b>-96</b> (-21.1%)<br>Trend: -5.02%/yr
ES-CN-HI,27.7311,-18.0129,348.8,-0.050169,Spain,C,331.3,313.8,296.3,278.8,261.3,-70.0,-21.1,<b>ES-CN-HI</b> (Spain)<br>CI 2026: 331 gCO₂/kWh<br>CI 2030: 261 gCO₂/kWh<br>Δ: <b>-70</b> (-21.1%)<br>Trend: -5.02%/yr
ES-CN-IG,28.1173,-17.2303,482.4,-0.050169,Spain,D,458.2,434.0,409.8,385.6,361.4,-96.8,-21.1,<b>ES-CN-IG</b> (Spain)<br>CI 2026: 458 gCO₂/kWh<br>CI 2030: 361 gCO₂/kWh<br>Δ: <b>-97</b> (-21.1%)<br>Trend: -5.02%/yr
ES-CN-TE,28.2906,-16.5626,457.5,-0.051356,Spain,D,434.0,410.5,387.0,363.5,340.0,-94.0,-21.7,<b>ES-CN-TE</b> (Spain)<br>CI 2026: 434 gCO₂/kWh<br>CI 2030: 340 gCO₂/kWh<br>Δ: <b>-94</b> (-21.7%)<br>Trend: -5.14%/yr
ES-CN-GC,27.9635,-15.5914,431.3,-0.048416,Spain,D,410.4,389.6,368.7,347.8,326.9,-83.5,-20.3,<b>ES-CN-GC</b> (Spain)<br>CI 2026: 410 gCO₂/kWh<br>CI 2030: 327 gCO₂/kWh<br>Δ: <b>-84</b> (-20.3%)<br>Trend: -4.84%/yr
ES-CN-FV,28.4062,-14.0326,387.4,-0.047753,Spain,C,368.9,350.4,331.9,313.4,294.9,-74.0,-20.1,<b>ES-CN-FV</b> (Spain)<br>CI 2026: 369 gCO₂/kWh<br>CI 2030: 295 gCO₂/kWh<br>Δ: <b>-74</b> (-20.1%)<br>Trend: -4.78%/yr
ES-CN-LZ,29.0162,-13.6461,387.3,-0.046835,Spain,C,369.1,351.0,332.8,314.7,296.6,-72.5,-19.6,<b>ES-CN-LZ</b> (Spain)<br>CI 2026: 369 gCO₂/kWh<br>CI 2030: 297 gCO₂/kWh<br>Δ: <b>-72</b> (-19.6%)<br>Trend: -4.68%/yr
ES-IB-IZ,38.9781,1.4206,385.9,-0.061956,Spain,C,362.0,338.1,314.2,290.3,266.4,-95.6,-26.4,<b>ES-IB-IZ</b> (Spain)<br>CI 2026: 362 gCO₂/kWh<br>CI 2030: 266 gCO₂/kWh<br>Δ: <b>-96</b> (-26.4%)<br>Trend: -6.20%/yr
ES-IB-MA,39.6172,2.9575,281.9,-0.069191,Spain,C,262.4,242.9,223.4,203.9,184.4,-78.0,-29.7,<b>ES-IB-MA</b> (Spain)<br>CI 2026: 262 gCO₂/kWh<br>CI 2030: 184 gCO₂/kWh<br>Δ: <b>-78</b> (-29.7%)<br>Trend: -6.92%/yr
ES-IB-ME,39.9578,4.0683,481.8,-0.04186,Spain,D,461.6,441.4,421.3,401.1,380.9,-80.7,-17.5,<b>ES-IB-ME</b> (Spain)<br>CI 2026: 462 gCO₂/kWh<br>CI 2030: 381 gCO₂/kWh<br>Δ: <b>-81</b> (-17.5%)<br>Trend: -4.19%/yr
ET,8.6182,39.6059,26.1,0.0,Ethiopia,A,26.1,26.1,26.1,26.1,26.1,0.0,0.0,<b>ET</b> (Ethiopia)<br>CI 2026: 26 gCO₂/kWh<br>CI 2030: 26 gCO₂/kWh<br>Δ: <b>+0</b> (+0.0%)<br>Trend: 0.00%/yr
FI,64.5057,26.2835,70.5,-0.034742,Finland,A,68.0,65.6,63.1,60.7,58.2,-9.8,-14.4,<b>FI</b> (Finland)<br>CI 2026: 68 gCO₂/kWh<br>CI 2030: 58 gCO₂/kWh<br>Δ: <b>-10</b> (-14.4%)<br>Trend: -3.47%/yr
FO-MI,62.1378,-6.9088,398.6,-0.15,United Kingdom,C,338.9,279.1,219.3,159.5,99.7,-239.2,-70.6,<b>FO-MI</b> (United Kingdom)<br>CI 2026: 339 gCO₂/kWh<br>CI 2030: 100 gCO₂/kWh<br>Δ: <b>-239</b> (-70.6%)<br>Trend: -15.00%/yr
FR,46.6167,2.446,44.2,-0.109938,France,A,39.4,34.5,29.7,24.8,19.9,-19.5,-49.5,<b>FR</b> (France)<br>CI 2026: 39 gCO₂/kWh<br>CI 2030: 20 gCO₂/kWh<br>Δ: <b>-20</b> (-49.5%)<br>Trend: -10.99%/yr
FR-COR,42.1537,9.1004,370.8,-0.082923,France,C,340.1,309.3,278.6,247.8,217.1,-123.0,-36.2,<b>FR-COR</b> (France)<br>CI 2026: 340 gCO₂/kWh<br>CI 2030: 217 gCO₂/kWh<br>Δ: <b>-123</b> (-36.2%)<br>Trend: -8.29%/yr
GB,54.0463,-2.6403,174.8,-0.039898,United Kingdom,B,167.9,160.9,153.9,146.9,140.0,-27.9,-16.6,<b>GB</b> (United Kingdom)<br>CI 2026: 168 gCO₂/kWh<br>CI 2030: 140 gCO₂/kWh<br>Δ: <b>-28</b> (-16.6%)<br>Trend: -3.99%/yr
GB-NIR,54.613,-6.7028,239.2,-0.055557,United Kingdom,B,225.9,212.6,199.3,186.0,172.7,-53.2,-23.6,<b>GB-NIR</b> (United Kingdom)<br>CI 2026: 226 gCO₂/kWh<br>CI 2030: 173 gCO₂/kWh<br>Δ: <b>-53</b> (-23.6%)<br>Trend: -5.56%/yr
GB-ORK,59.0053,-3.1137,51.0,-0.109289,United Kingdom,A,45.4,39.9,34.3,28.7,23.1,-22.3,-49.1,<b>GB-ORK</b> (United Kingdom)<br>CI 2026: 45 gCO₂/kWh<br>CI 2030: 23 gCO₂/kWh<br>Δ: <b>-22</b> (-49.1%)<br>Trend: -10.93%/yr
GB-ZET,60.3087,-1.2569,55.2,0.058656,United Kingdom,A,58.5,61.7,64.9,68.2,71.4,12.9,22.1,<b>GB-ZET</b> (United Kingdom)<br>CI 2026: 58 gCO₂/kWh<br>CI 2030: 71 gCO₂/kWh<br>Δ: <b>+13</b> (+22.1%)<br>Trend: 5.87%/yr
GE,42.1687,43.4925,162.7,0.02111,Georgia,B,166.2,169.6,173.0,176.5,179.9,13.7,8.2,<b>GE</b> (Georgia)<br>CI 2026: 166 gCO₂/kWh<br>CI 2030: 180 gCO₂/kWh<br>Δ: <b>+14</b> (+8.2%)<br>Trend: 2.11%/yr
GF,3.9179,-53.2478,392.7,-0.003659,French Guiana,C,391.3,389.8,388.4,386.9,385.5,-5.8,-1.5,<b>GF</b> (French Guiana)<br>CI 2026: 391 gCO₂/kWh<br>CI 2030: 386 gCO₂/kWh<br>Δ: <b>-6</b> (-1.5%)<br>Trend: -0.37%/yr
GH,7.9489,-1.2155,299.1,-0.018306,Ghana,C,293.6,288.1,282.6,277.2,271.7,-21.9,-7.5,<b>GH</b> (Ghana)<br>CI 2026: 294 gCO₂/kWh<br>CI 2030: 272 gCO₂/kWh<br>Δ: <b>-22</b> (-7.5%)<br>Trend: -1.83%/yr
GL,74.7304,-41.3447,30.1,0.15,Norway,A,34.6,39.1,43.6,48.1,52.6,18.0,52.0,<b>GL</b> (Norway)<br>CI 2026: 35 gCO₂/kWh<br>CI 2030: 53 gCO₂/kWh<br>Δ: <b>+18</b> (+52.0%)<br>Trend: 15.00%/yr
GN,10.4328,-10.9421,50.0,-0.005438,Sierra Leone,A,49.7,49.5,49.2,48.9,48.6,-1.1,-2.2,<b>GN</b> (Sierra Leone)<br>CI 2026: 50 gCO₂/kWh<br>CI 2030: 49 gCO₂/kWh<br>Δ: <b>-1</b> (-2.2%)<br>Trend: -0.54%/yr
GP,16.2518,-61.529,504.1,-0.00663,Guadeloupe,D,500.7,497.4,494.0,490.7,487.4,-13.3,-2.7,<b>GP</b> (Guadeloupe)<br>CI 2026: 501 gCO₂/kWh<br>CI 2030: 487 gCO₂/kWh<br>Δ: <b>-13</b> (-2.7%)<br>Trend: -0.66%/yr
GR,39.1041,22.9132,271.8,-0.061136,Greece,C,255.2,238.6,222.0,205.3,188.7,-66.5,-26.1,<b>GR</b> (Greece)<br>CI 2026: 255 gCO₂/kWh<br>CI 2030: 189 gCO₂/kWh<br>Δ: <b>-66</b> (-26.1%)<br>Trend: -6.11%/yr
GT,15.6935,-90.3582,418.0,-0.017058,Guatemala,D,410.9,403.7,396.6,389.5,382.3,-28.6,-7.0,<b>GT</b> (Guatemala)<br>CI 2026: 411 gCO₂/kWh<br>CI 2030: 382 gCO₂/kWh<br>Δ: <b>-29</b> (-7.0%)<br>Trend: -1.71%/yr
GU,13.4631,144.7831,104.8,0.0577,Indonesia,A,110.9,116.9,123.0,129.0,135.1,24.2,21.8,<b>GU</b> (Indonesia)<br>CI 2026: 111 gCO₂/kWh<br>CI 2030: 135 gCO₂/kWh<br>Δ: <b>+24</b> (+21.8%)<br>Trend: 5.77%/yr
GY,4.7965,-58.9855,10.6,-0.001459,Guyana,A,10.6,10.6,10.6,10.6,10.6,0.0,0.0,<b>GY</b> (Guyana)<br>CI 2026: 11 gCO₂/kWh<br>CI 2030: 11 gCO₂/kWh<br>Δ: <b>+0</b> (+0.0%)<br>Trend: -0.15%/yr
HK,22.3557,114.119,460.3,0.024509,Hong Kong,D,471.6,482.8,494.1,505.4,516.7,45.1,9.6,<b>HK</b> (Hong Kong)<br>CI 2026: 472 gCO₂/kWh<br>CI 2030: 517 gCO₂/kWh<br>Δ: <b>+45</b> (+9.6%)<br>Trend: 2.45%/yr
HM,-53.0967,73.5316,61.2,0.0048,Reunion,A,61.5,61.8,62.1,62.4,62.7,1.2,2.0,<b>HM</b> (Reunion)<br>CI 2026: 62 gCO₂/kWh<br>CI 2030: 63 gCO₂/kWh<br>Δ: <b>+1</b> (+2.0%)<br>Trend: 0.48%/yr
HN,14.8162,-86.6198,351.7,0.02239,Honduras,C,359.5,367.4,375.3,383.2,391.0,31.5,8.8,<b>HN</b> (Honduras)<br>CI 2026: 360 gCO₂/kWh<br>CI 2030: 391 gCO₂/kWh<br>Δ: <b>+32</b> (+8.8%)<br>Trend: 2.24%/yr
HT,18.9356,-72.6821,475.0,0.055384,Dominican Republic,D,501.3,527.6,553.9,580.3,606.6,105.3,21.0,<b>HT</b> (Dominican Republic)<br>CI 2026: 501 gCO₂/kWh<br>CI 2030: 607 gCO₂/kWh<br>Δ: <b>+105</b> (+21.0%)<br>Trend: 5.54%/yr
HU,47.162,19.3916,238.3,-0.055123,Hungary,B,225.2,212.0,198.9,185.7,172.6,-52.6,-23.4,<b>HU</b> (Hungary)<br>CI 2026: 225 gCO₂/kWh<br>CI 2030: 173 gCO₂/kWh<br>Δ: <b>-53</b> (-23.4%)<br>Trend: -5.51%/yr
HR,45.0986,16.4165,477.8,-0.042821,Croatia,D,457.3,436.8,416.4,395.9,375.5,-81.8,-17.9,<b>HR</b> (Croatia)<br>CI 2026: 457 gCO₂/kWh<br>CI 2030: 376 gCO₂/kWh<br>Δ: <b>-82</b> (-17.9%)<br>Trend: -4.28%/yr
ID,-2.2174,117.2434,644.4,0.005944,Indonesia,E,648.2,652.0,655.9,659.7,663.5,15.3,2.4,<b>ID</b> (Indonesia)<br>CI 2026: 648 gCO₂/kWh<br>CI 2030: 664 gCO₂/kWh<br>Δ: <b>+15</b> (+2.4%)<br>Trend: 0.59%/yr
IE,53.1777,-8.136,292.5,-0.083431,Ireland,C,268.1,243.7,219.3,194.9,170.5,-97.6,-36.4,<b>IE</b> (Ireland)<br>CI 2026: 268 gCO₂/kWh<br>CI 2030: 170 gCO₂/kWh<br>Δ: <b>-98</b> (-36.4%)<br>Trend: -8.34%/yr
IL,31.429,34.9932,487.6,-0.012097,Israel,D,481.7,475.8,469.9,464.0,458.1,-23.6,-4.9,<b>IL</b> (Israel)<br>CI 2026: 482 gCO₂/kWh<br>CI 2030: 458 gCO₂/kWh<br>Δ: <b>-24</b> (-4.9%)<br>Trend: -1.21%/yr
IM,54.2289,-4.5279,412.8,-0.047216,Unknown,D,393.3,373.8,354.3,334.8,315.3,-78.0,-19.8,<b>IM</b> (Unknown)<br>CI 2026: 393 gCO₂/kWh<br>CI 2030: 315 gCO₂/kWh<br>Δ: <b>-78</b> (-19.8%)<br>Trend: -4.72%/yr
IN-NO,28.509,76.7092,597.8,0.074304,India,E,642.2,686.6,731.0,775.4,819.8,177.6,27.7,<b>IN-NO</b> (India)<br>CI 2026: 642 gCO₂/kWh<br>CI 2030: 820 gCO₂/kWh<br>Δ: <b>+178</b> (+27.7%)<br>Trend: 7.43%/yr
IN-WE,21.703,76.7695,653.0,0.066129,India,E,696.2,739.4,782.6,825.8,868.9,172.7,24.8,<b>IN-WE</b> (India)<br>CI 2026: 696 gCO₂/kWh<br>CI 2030: 869 gCO₂/kWh<br>Δ: <b>+173</b> (+24.8%)<br>Trend: 6.61%/yr
IN-EA,23.0705,85.6954,665.5,0.062863,India,E,707.4,749.2,791.0,832.9,874.7,167.3,23.6,<b>IN-EA</b> (India)<br>CI 2026: 707 gCO₂/kWh<br>CI 2030: 875 gCO₂/kWh<br>Δ: <b>+167</b> (+23.6%)<br>Trend: 6.29%/yr
IN-SO,14.5326,78.1162,601.8,0.055613,India,E,635.3,668.8,702.2,735.7,769.2,133.9,21.1,<b>IN-SO</b> (India)<br>CI 2026: 635 gCO₂/kWh<br>CI 2030: 769 gCO₂/kWh<br>Δ: <b>+134</b> (+21.1%)<br>Trend: 5.56%/yr
IN-NE,26.3241,93.4379,539.2,-0.023009,India,D,526.8,514.4,502.0,489.6,477.2,-49.6,-9.4,<b>IN-NE</b> (India)<br>CI 2026: 527 gCO₂/kWh<br>CI 2030: 477 gCO₂/kWh<br>Δ: <b>-50</b> (-9.4%)<br>Trend: -2.30%/yr
IQ,33.0414,43.7479,391.7,0.064783,Iraq,C,417.1,442.5,467.9,493.3,518.6,101.5,24.3,<b>IQ</b> (Iraq)<br>CI 2026: 417 gCO₂/kWh<br>CI 2030: 519 gCO₂/kWh<br>Δ: <b>+102</b> (+24.3%)<br>Trend: 6.48%/yr
KY,19.4157,-80.9087,5.8,0.001558,Cayman Islands,A,5.8,5.9,5.9,5.9,5.9,0.1,1.7,<b>KY</b> (Cayman Islands)<br>CI 2026: 6 gCO₂/kWh<br>CI 2030: 6 gCO₂/kWh<br>Δ: <b>+0</b> (+1.7%)<br>Trend: 0.16%/yr
IR,32.5752,54.2765,15.6,-0.01164,Iran,A,15.4,15.3,15.1,14.9,14.7,-0.7,-4.5,<b>IR</b> (Iran)<br>CI 2026: 15 gCO₂/kWh<br>CI 2030: 15 gCO₂/kWh<br>Δ: <b>-1</b> (-4.5%)<br>Trend: -1.16%/yr
IS,65.0007,-18.6159,29.6,-0.15,United Kingdom,A,25.1,20.7,16.3,11.8,7.4,-17.7,-70.5,<b>IS</b> (United Kingdom)<br>CI 2026: 25 gCO₂/kWh<br>CI 2030: 7 gCO₂/kWh<br>Δ: <b>-18</b> (-70.5%)<br>Trend: -15.00%/yr
IT-CNO,43.3372,11.8648,213.9,-0.078224,Italy,B,197.1,180.4,163.7,146.9,130.2,-66.9,-33.9,<b>IT-CNO</b> (Italy)<br>CI 2026: 197 gCO₂/kWh<br>CI 2030: 130 gCO₂/kWh<br>Δ: <b>-67</b> (-33.9%)<br>Trend: -7.82%/yr
IT-CSO,41.6928,13.6972,255.0,-0.07468,Italy,B,235.9,216.9,197.8,178.8,159.8,-76.1,-32.3,<b>IT-CSO</b> (Italy)<br>CI 2026: 236 gCO₂/kWh<br>CI 2030: 160 gCO₂/kWh<br>Δ: <b>-76</b> (-32.3%)<br>Trend: -7.47%/yr
IT-NO,45.3787,10.1965,210.5,-0.075817,Italy,B,194.5,178.5,162.6,146.6,130.7,-63.8,-32.8,<b>IT-NO</b> (Italy)<br>CI 2026: 194 gCO₂/kWh<br>CI 2030: 131 gCO₂/kWh<br>Δ: <b>-64</b> (-32.8%)<br>Trend: -7.58%/yr
IT-SAR,40.0906,9.0297,404.7,-0.066986,Italy,C,377.6,350.5,323.4,296.3,269.2,-108.4,-28.7,<b>IT-SAR</b> (Italy)<br>CI 2026: 378 gCO₂/kWh<br>CI 2030: 269 gCO₂/kWh<br>Δ: <b>-108</b> (-28.7%)<br>Trend: -6.70%/yr
IT-SIC,37.5886,14.1517,251.7,-0.065858,Italy,B,235.1,218.5,202.0,185.4,168.8,-66.3,-28.2,<b>IT-SIC</b> (Italy)<br>CI 2026: 235 gCO₂/kWh<br>CI 2030: 169 gCO₂/kWh<br>Δ: <b>-66</b> (-28.2%)<br>Trend: -6.59%/yr
IT-SO,40.375,16.2383,234.9,-0.076161,Italy,B,217.0,199.1,181.2,163.3,145.4,-71.6,-33.0,<b>IT-SO</b> (Italy)<br>CI 2026: 217 gCO₂/kWh<br>CI 2030: 145 gCO₂/kWh<br>Δ: <b>-72</b> (-33.0%)<br>Trend: -7.62%/yr
JP-CB,35.5348,137.4331,500.0,-0.024077,Japan,D,488.0,476.0,463.9,451.9,439.8,-48.2,-9.9,<b>JP-CB</b> (Japan)<br>CI 2026: 488 gCO₂/kWh<br>CI 2030: 440 gCO₂/kWh<br>Δ: <b>-48</b> (-9.9%)<br>Trend: -2.41%/yr
JP-CG,34.7712,132.852,492.3,-0.018221,Japan,D,483.3,474.3,465.4,456.4,447.4,-35.9,-7.4,<b>JP-CG</b> (Japan)<br>CI 2026: 483 gCO₂/kWh<br>CI 2030: 447 gCO₂/kWh<br>Δ: <b>-36</b> (-7.4%)<br>Trend: -1.82%/yr
JP-HKD,43.3812,142.5789,493.5,-0.030215,Japan,D,478.6,463.7,448.8,433.9,419.0,-59.6,-12.5,<b>JP-HKD</b> (Japan)<br>CI 2026: 479 gCO₂/kWh<br>CI 2030: 419 gCO₂/kWh<br>Δ: <b>-60</b> (-12.5%)<br>Trend: -3.02%/yr
JP-HR,36.4899,136.8126,488.7,-0.031478,Japan,D,473.3,457.9,442.6,427.2,411.8,-61.5,-13.0,<b>JP-HR</b> (Japan)<br>CI 2026: 473 gCO₂/kWh<br>CI 2030: 412 gCO₂/kWh<br>Δ: <b>-62</b> (-13.0%)<br>Trend: -3.15%/yr
JP-KN,34.7865,135.4312,424.4,-0.025069,Japan,D,413.7,403.1,392.4,381.8,371.2,-42.5,-10.3,<b>JP-KN</b> (Japan)<br>CI 2026: 414 gCO₂/kWh<br>CI 2030: 371 gCO₂/kWh<br>Δ: <b>-42</b> (-10.3%)<br>Trend: -2.51%/yr
JP-KY,32.5525,130.8,386.3,-0.020732,Japan,C,378.3,370.3,362.2,354.2,346.2,-32.1,-8.5,<b>JP-KY</b> (Japan)<br>CI 2026: 378 gCO₂/kWh<br>CI 2030: 346 gCO₂/kWh<br>Δ: <b>-32</b> (-8.5%)<br>Trend: -2.07%/yr
JP-ON,26.0782,127.208,564.9,-0.032867,Japan,E,546.4,527.8,509.2,490.7,472.1,-74.3,-13.6,<b>JP-ON</b> (Japan)<br>CI 2026: 546 gCO₂/kWh<br>CI 2030: 472 gCO₂/kWh<br>Δ: <b>-74</b> (-13.6%)<br>Trend: -3.29%/yr
JP-SK,33.664,133.4695,409.1,-0.018304,Japan,D,401.6,394.1,386.6,379.1,371.7,-29.9,-7.4,<b>JP-SK</b> (Japan)<br>CI 2026: 402 gCO₂/kWh<br>CI 2030: 372 gCO₂/kWh<br>Δ: <b>-30</b> (-7.4%)<br>Trend: -1.83%/yr
JP-TH,38.8329,140.3925,508.0,-0.039123,Japan,D,488.1,468.3,448.4,428.5,408.6,-79.5,-16.3,<b>JP-TH</b> (Japan)<br>CI 2026: 488 gCO₂/kWh<br>CI 2030: 409 gCO₂/kWh<br>Δ: <b>-80</b> (-16.3%)<br>Trend: -3.91%/yr
JP-TK,36.0235,139.5176,536.7,-0.031502,Japan,D,519.8,502.9,486.0,469.0,452.1,-67.7,-13.0,<b>JP-TK</b> (Japan)<br>CI 2026: 520 gCO₂/kWh<br>CI 2030: 452 gCO₂/kWh<br>Δ: <b>-68</b> (-13.0%)<br>Trend: -3.15%/yr
JO,31.2494,36.7771,437.6,-0.00701,Jordan,D,434.5,431.4,428.4,425.3,422.2,-12.3,-2.8,<b>JO</b> (Jordan)<br>CI 2026: 434 gCO₂/kWh<br>CI 2030: 422 gCO₂/kWh<br>Δ: <b>-12</b> (-2.8%)<br>Trend: -0.70%/yr
KE,0.5568,37.8322,70.5,-0.047604,Kenya,A,67.1,63.8,60.4,57.1,53.7,-13.4,-20.0,<b>KE</b> (Kenya)<br>CI 2026: 67 gCO₂/kWh<br>CI 2030: 54 gCO₂/kWh<br>Δ: <b>-13</b> (-20.0%)<br>Trend: -4.76%/yr
KH,12.7218,104.9032,415.0,0.041475,Cambodia,D,432.2,449.4,466.6,483.8,501.0,68.8,15.9,<b>KH</b> (Cambodia)<br>CI 2026: 432 gCO₂/kWh<br>CI 2030: 501 gCO₂/kWh<br>Δ: <b>+69</b> (+15.9%)<br>Trend: 4.15%/yr
KP,40.147,127.1815,471.2,-0.029792,North Korea,D,457.1,443.1,429.1,415.0,401.0,-56.1,-12.3,<b>KP</b> (North Korea)<br>CI 2026: 457 gCO₂/kWh<br>CI 2030: 401 gCO₂/kWh<br>Δ: <b>-56</b> (-12.3%)<br>Trend: -2.98%/yr
KR,36.3938,127.8393,464.2,-0.030879,South Korea,D,449.9,435.6,421.2,406.9,392.6,-57.3,-12.7,<b>KR</b> (South Korea)<br>CI 2026: 450 gCO₂/kWh<br>CI 2030: 393 gCO₂/kWh<br>Δ: <b>-57</b> (-12.7%)<br>Trend: -3.09%/yr
KW,29.3401,47.5855,323.3,0.021988,Kuwait,C,330.4,337.5,344.6,351.7,358.8,28.4,8.6,<b>KW</b> (Kuwait)<br>CI 2026: 330 gCO₂/kWh<br>CI 2030: 359 gCO₂/kWh<br>Δ: <b>+28</b> (+8.6%)<br>Trend: 2.20%/yr
KZ,48.1576,67.2915,663.7,0.001012,Kazakhstan,E,664.3,665.0,665.7,666.3,667.0,2.7,0.4,<b>KZ</b> (Kazakhstan)<br>CI 2026: 664 gCO₂/kWh<br>CI 2030: 667 gCO₂/kWh<br>Δ: <b>+3</b> (+0.4%)<br>Trend: 0.10%/yr
LA,18.5145,103.7319,295.7,0.049854,Thailand,C,310.4,325.2,339.9,354.6,369.4,59.0,19.0,<b>LA</b> (Thailand)<br>CI 2026: 310 gCO₂/kWh<br>CI 2030: 369 gCO₂/kWh<br>Δ: <b>+59</b> (+19.0%)<br>Trend: 4.99%/yr
LB,33.9179,35.8754,448.8,-0.020655,Lebanon,D,439.5,430.3,421.0,411.7,402.5,-37.0,-8.4,<b>LB</b> (Lebanon)<br>CI 2026: 440 gCO₂/kWh<br>CI 2030: 402 gCO₂/kWh<br>Δ: <b>-37</b> (-8.4%)<br>Trend: -2.07%/yr
LC,13.8973,-60.9682,497.6,-0.004773,Martinique,D,495.3,492.9,490.5,488.1,485.8,-9.5,-1.9,<b>LC</b> (Martinique)<br>CI 2026: 495 gCO₂/kWh<br>CI 2030: 486 gCO₂/kWh<br>Δ: <b>-10</b> (-1.9%)<br>Trend: -0.48%/yr
LK,7.6082,80.7106,508.7,-0.063863,Sri Lanka,D,476.2,443.7,411.2,378.7,346.2,-130.0,-27.3,<b>LK</b> (Sri Lanka)<br>CI 2026: 476 gCO₂/kWh<br>CI 2030: 346 gCO₂/kWh<br>Δ: <b>-130</b> (-27.3%)<br>Trend: -6.39%/yr
LI,47.1347,9.5498,34.8,-0.078584,Switzerland,A,32.1,29.4,26.6,23.9,21.2,-10.9,-34.0,<b>LI</b> (Switzerland)<br>CI 2026: 32 gCO₂/kWh<br>CI 2030: 21 gCO₂/kWh<br>Δ: <b>-11</b> (-34.0%)<br>Trend: -7.86%/yr
LR,6.4394,-9.3173,50.0,0.0552,Sierra Leone,A,52.8,55.5,58.3,61.0,63.8,11.0,20.8,<b>LR</b> (Sierra Leone)<br>CI 2026: 53 gCO₂/kWh<br>CI 2030: 64 gCO₂/kWh<br>Δ: <b>+11</b> (+20.8%)<br>Trend: 5.52%/yr
LS,-29.5704,28.2357,808.4,-0.135171,South Africa,F,699.1,589.8,480.6,371.3,262.0,-437.1,-62.5,<b>LS</b> (South Africa)<br>CI 2026: 699 gCO₂/kWh<br>CI 2030: 262 gCO₂/kWh<br>Δ: <b>-437</b> (-62.5%)<br>Trend: -13.52%/yr
LT,55.3246,23.893,147.5,-0.073625,Lithuania,B,136.6,125.8,114.9,104.1,93.2,-43.4,-31.8,<b>LT</b> (Lithuania)<br>CI 2026: 137 gCO₂/kWh<br>CI 2030: 93 gCO₂/kWh<br>Δ: <b>-43</b> (-31.8%)<br>Trend: -7.36%/yr
LU,49.7556,6.0865,217.8,-0.089241,Luxembourg,B,198.3,178.9,159.5,140.0,120.6,-77.7,-39.2,<b>LU</b> (Luxembourg)<br>CI 2026: 198 gCO₂/kWh<br>CI 2030: 121 gCO₂/kWh<br>Δ: <b>-78</b> (-39.2%)<br>Trend: -8.92%/yr
LV,56.8537,24.9069,163.2,-0.076737,Latvia,B,150.6,138.1,125.6,113.1,100.6,-50.0,-33.2,<b>LV</b> (Latvia)<br>CI 2026: 151 gCO₂/kWh<br>CI 2030: 101 gCO₂/kWh<br>Δ: <b>-50</b> (-33.2%)<br>Trend: -7.67%/yr
MA,31.8423,-6.2931,658.0,-0.02814,Morocco,E,639.5,621.0,602.5,584.0,565.5,-74.0,-11.6,<b>MA</b> (Morocco)<br>CI 2026: 640 gCO₂/kWh<br>CI 2030: 566 gCO₂/kWh<br>Δ: <b>-74</b> (-11.6%)<br>Trend: -2.81%/yr
ME,42.7907,19.2433,535.5,-0.035233,Bosnia and Herzegovina,D,516.6,497.8,478.9,460.0,441.2,-75.4,-14.6,<b>ME</b> (Bosnia and Herzegovina)<br>CI 2026: 517 gCO₂/kWh<br>CI 2030: 441 gCO₂/kWh<br>Δ: <b>-75</b> (-14.6%)<br>Trend: -3.52%/yr
MD,47.2009,28.4595,374.9,-0.087495,Moldova,C,342.1,309.3,276.5,243.7,210.9,-131.2,-38.4,<b>MD</b> (Moldova)<br>CI 2026: 342 gCO₂/kWh<br>CI 2030: 211 gCO₂/kWh<br>Δ: <b>-131</b> (-38.4%)<br>Trend: -8.75%/yr
MK,41.595,21.6848,546.9,-0.08297,North Macedonia,E,501.6,456.2,410.8,365.4,320.0,-181.6,-36.2,<b>MK</b> (North Macedonia)<br>CI 2026: 502 gCO₂/kWh<br>CI 2030: 320 gCO₂/kWh<br>Δ: <b>-182</b> (-36.2%)<br>Trend: -8.30%/yr
MN,46.825,103.062,642.6,0.010682,Mongolia,E,649.5,656.4,663.2,670.1,677.0,27.5,4.2,<b>MN</b> (Mongolia)<br>CI 2026: 650 gCO₂/kWh<br>CI 2030: 677 gCO₂/kWh<br>Δ: <b>+28</b> (+4.2%)<br>Trend: 1.07%/yr
MT,35.8843,14.4394,278.1,-0.055687,Malta,C,262.6,247.2,231.7,216.2,200.7,-61.9,-23.6,<b>MT</b> (Malta)<br>CI 2026: 263 gCO₂/kWh<br>CI 2030: 201 gCO₂/kWh<br>Δ: <b>-62</b> (-23.6%)<br>Trend: -5.57%/yr
MQ,14.6498,-61.0117,497.0,-0.004773,Martinique,D,494.6,492.2,489.9,487.5,485.1,-9.5,-1.9,<b>MQ</b> (Martinique)<br>CI 2026: 495 gCO₂/kWh<br>CI 2030: 485 gCO₂/kWh<br>Δ: <b>-10</b> (-1.9%)<br>Trend: -0.48%/yr
MU,-20.2695,57.5723,566.4,0.022086,Mauritius,E,578.9,591.4,603.9,616.5,629.0,50.1,8.7,<b>MU</b> (Mauritius)<br>CI 2026: 579 gCO₂/kWh<br>CI 2030: 629 gCO₂/kWh<br>Δ: <b>+50</b> (+8.7%)<br>Trend: 2.21%/yr
VN,16.6255,106.2997,366.2,0.033588,Vietnam,C,378.5,390.8,403.1,415.4,427.7,49.2,13.0,<b>VN</b> (Vietnam)<br>CI 2026: 378 gCO₂/kWh<br>CI 2030: 428 gCO₂/kWh<br>Δ: <b>+49</b> (+13.0%)<br>Trend: 3.36%/yr
MX,23.9518,-102.5378,15.1,-0.003573,Mexico,A,15.1,15.0,15.0,14.9,14.9,-0.2,-1.3,<b>MX</b> (Mexico)<br>CI 2026: 15 gCO₂/kWh<br>CI 2030: 15 gCO₂/kWh<br>Δ: <b>-0</b> (-1.3%)<br>Trend: -0.36%/yr
MO,22.1479,113.5836,377.0,0.02354,Macao,C,385.8,394.7,403.6,412.5,421.3,35.5,9.2,<b>MO</b> (Macao)<br>CI 2026: 386 gCO₂/kWh<br>CI 2030: 421 gCO₂/kWh<br>Δ: <b>+36</b> (+9.2%)<br>Trend: 2.35%/yr
MC,43.7368,7.4232,374.9,-0.088916,Italy,C,341.6,308.3,274.9,241.6,208.2,-133.4,-39.1,<b>MC</b> (Italy)<br>CI 2026: 342 gCO₂/kWh<br>CI 2030: 208 gCO₂/kWh<br>Δ: <b>-133</b> (-39.1%)<br>Trend: -8.89%/yr
MW,-13.2247,34.2903,66.7,0.00627,Malawi,A,67.1,67.5,67.9,68.3,68.8,1.7,2.5,<b>MW</b> (Malawi)<br>CI 2026: 67 gCO₂/kWh<br>CI 2030: 69 gCO₂/kWh<br>Δ: <b>+2</b> (+2.5%)<br>Trend: 0.63%/yr
MY-EM,3.6126,114.7078,351.5,0.058921,Malaysia,C,372.2,392.9,413.6,434.3,455.0,82.8,22.2,<b>MY-EM</b> (Malaysia)<br>CI 2026: 372 gCO₂/kWh<br>CI 2030: 455 gCO₂/kWh<br>Δ: <b>+83</b> (+22.2%)<br>Trend: 5.89%/yr
MY-WM,4.0362,102.1808,575.9,0.025321,Malaysia,E,590.4,605.0,619.6,634.2,648.8,58.4,9.9,<b>MY-WM</b> (Malaysia)<br>CI 2026: 590 gCO₂/kWh<br>CI 2030: 649 gCO₂/kWh<br>Δ: <b>+58</b> (+9.9%)<br>Trend: 2.53%/yr
MZ,-17.2656,35.5386,101.4,0.00627,Malawi,A,102.0,102.6,103.3,103.9,104.5,2.5,2.5,<b>MZ</b> (Malawi)<br>CI 2026: 102 gCO₂/kWh<br>CI 2030: 104 gCO₂/kWh<br>Δ: <b>+2</b> (+2.5%)<br>Trend: 0.63%/yr
NA,-22.1335,17.22,49.1,0.012203,Namibia,A,49.7,50.3,50.9,51.5,52.1,2.4,4.8,<b>NA</b> (Namibia)<br>CI 2026: 50 gCO₂/kWh<br>CI 2030: 52 gCO₂/kWh<br>Δ: <b>+2</b> (+4.8%)<br>Trend: 1.22%/yr
NC,-21.3161,165.6908,76.2,0.034964,New Caledonia,A,78.8,81.5,84.1,86.8,89.5,10.7,13.6,<b>NC</b> (New Caledonia)<br>CI 2026: 79 gCO₂/kWh<br>CI 2030: 90 gCO₂/kWh<br>Δ: <b>+11</b> (+13.6%)<br>Trend: 3.50%/yr
NE,17.4227,9.4036,127.3,-0.100174,Niger,A,114.6,101.8,89.1,76.3,63.6,-51.0,-44.5,<b>NE</b> (Niger)<br>CI 2026: 115 gCO₂/kWh<br>CI 2030: 64 gCO₂/kWh<br>Δ: <b>-51</b> (-44.5%)<br>Trend: -10.02%/yr
NG,9.5889,8.0831,326.0,-0.002006,Nigeria,C,325.3,324.7,324.0,323.4,322.7,-2.6,-0.8,<b>NG</b> (Nigeria)<br>CI 2026: 325 gCO₂/kWh<br>CI 2030: 323 gCO₂/kWh<br>Δ: <b>-3</b> (-0.8%)<br>Trend: -0.20%/yr
NI,12.8442,-85.022,320.4,0.028888,Nicaragua,C,329.7,339.0,348.2,357.5,366.7,37.0,11.2,<b>NI</b> (Nicaragua)<br>CI 2026: 330 gCO₂/kWh<br>CI 2030: 367 gCO₂/kWh<br>Δ: <b>+37</b> (+11.2%)<br>Trend: 2.89%/yr
NL,52.2452,5.6179,215.4,-0.090648,Netherlands,B,195.9,176.4,156.8,137.3,117.8,-78.1,-39.9,<b>NL</b> (Netherlands)<br>CI 2026: 196 gCO₂/kWh<br>CI 2030: 118 gCO₂/kWh<br>Δ: <b>-78</b> (-39.9%)<br>Trend: -9.06%/yr
NO-NO1,60.903,10.7064,30.8,-0.0033,Sweden,A,30.7,30.6,30.5,30.4,30.3,-0.4,-1.3,<b>NO-NO1</b> (Sweden)<br>CI 2026: 31 gCO₂/kWh<br>CI 2030: 30 gCO₂/kWh<br>Δ: <b>-0</b> (-1.3%)<br>Trend: -0.33%/yr
NO-NO2,59.1925,7.6519,35.6,-0.028051,Norway,A,34.6,33.6,32.6,31.6,30.6,-4.0,-11.6,<b>NO-NO2</b> (Norway)<br>CI 2026: 35 gCO₂/kWh<br>CI 2030: 31 gCO₂/kWh<br>Δ: <b>-4</b> (-11.6%)<br>Trend: -2.81%/yr
NO-NO3,62.7774,9.1406,33.2,0.15,Norway,A,38.2,43.2,48.2,53.1,58.1,19.9,52.1,<b>NO-NO3</b> (Norway)<br>CI 2026: 38 gCO₂/kWh<br>CI 2030: 58 gCO₂/kWh<br>Δ: <b>+20</b> (+52.1%)<br>Trend: 15.00%/yr
NO-NO4,68.5696,20.5706,27.1,0.15,Norway,A,31.2,35.3,39.3,43.4,47.5,16.3,52.2,<b>NO-NO4</b> (Norway)<br>CI 2026: 31 gCO₂/kWh<br>CI 2030: 48 gCO₂/kWh<br>Δ: <b>+16</b> (+52.2%)<br>Trend: 15.00%/yr
NO-NO5,60.7614,7.2086,26.9,0.15,Norway,A,31.0,35.0,39.1,43.1,47.2,16.2,52.3,<b>NO-NO5</b> (Norway)<br>CI 2026: 31 gCO₂/kWh<br>CI 2030: 47 gCO₂/kWh<br>Δ: <b>+16</b> (+52.3%)<br>Trend: 15.00%/yr
NP,28.2498,83.9092,124.2,0.073494,India,A,133.3,142.4,151.6,160.7,169.8,36.5,27.4,<b>NP</b> (India)<br>CI 2026: 133 gCO₂/kWh<br>CI 2030: 170 gCO₂/kWh<br>Δ: <b>+36</b> (+27.4%)<br>Trend: 7.35%/yr
NZ,-41.7506,172.6682,127.4,-0.046445,New Zealand,A,121.5,115.6,109.7,103.7,97.8,-23.7,-19.5,<b>NZ</b> (New Zealand)<br>CI 2026: 122 gCO₂/kWh<br>CI 2030: 98 gCO₂/kWh<br>Δ: <b>-24</b> (-19.5%)<br>Trend: -4.64%/yr
OM,20.6073,56.1007,373.0,0.021879,Oman,C,381.1,389.3,397.5,405.6,413.8,32.7,8.6,<b>OM</b> (Oman)<br>CI 2026: 381 gCO₂/kWh<br>CI 2030: 414 gCO₂/kWh<br>Δ: <b>+33</b> (+8.6%)<br>Trend: 2.19%/yr
PA,8.5199,-80.1013,168.8,0.1443,Panama,B,193.2,217.6,241.9,266.3,290.6,97.4,50.4,<b>PA</b> (Panama)<br>CI 2026: 193 gCO₂/kWh<br>CI 2030: 291 gCO₂/kWh<br>Δ: <b>+97</b> (+50.4%)<br>Trend: 14.43%/yr
PE,-9.152,-74.3771,174.0,0.066907,Peru,B,185.6,197.3,208.9,220.5,232.2,46.6,25.1,<b>PE</b> (Peru)<br>CI 2026: 186 gCO₂/kWh<br>CI 2030: 232 gCO₂/kWh<br>Δ: <b>+47</b> (+25.1%)<br>Trend: 6.69%/yr
PK,29.9437,69.3381,36.2,-0.034832,Pakistan,A,34.9,33.7,32.4,31.2,29.9,-5.0,-14.3,<b>PK</b> (Pakistan)<br>CI 2026: 35 gCO₂/kWh<br>CI 2030: 30 gCO₂/kWh<br>Δ: <b>-5</b> (-14.3%)<br>Trend: -3.48%/yr
PH-LU,14.9944,121.2361,607.1,0.037313,Philippines,E,629.8,652.5,675.1,697.8,720.4,90.6,14.4,<b>PH-LU</b> (Philippines)<br>CI 2026: 630 gCO₂/kWh<br>CI 2030: 720 gCO₂/kWh<br>Δ: <b>+91</b> (+14.4%)<br>Trend: 3.73%/yr
PH-MI,7.6578,124.7776,589.7,0.03627,Philippines,E,611.0,632.4,653.8,675.2,696.6,85.6,14.0,<b>PH-MI</b> (Philippines)<br>CI 2026: 611 gCO₂/kWh<br>CI 2030: 697 gCO₂/kWh<br>Δ: <b>+86</b> (+14.0%)<br>Trend: 3.63%/yr
PH-VI,10.8818,123.7734,587.6,0.031349,Philippines,E,606.0,624.4,642.8,661.2,679.7,73.7,12.2,<b>PH-VI</b> (Philippines)<br>CI 2026: 606 gCO₂/kWh<br>CI 2030: 680 gCO₂/kWh<br>Δ: <b>+74</b> (+12.2%)<br>Trend: 3.13%/yr
PL,52.1191,19.3895,583.5,-0.092371,Poland,E,529.6,475.7,421.8,367.9,314.0,-215.6,-40.7,<b>PL</b> (Poland)<br>CI 2026: 530 gCO₂/kWh<br>CI 2030: 314 gCO₂/kWh<br>Δ: <b>-216</b> (-40.7%)<br>Trend: -9.24%/yr
PR,18.2282,-66.4783,537.0,-0.016252,Puerto Rico,D,528.3,519.6,510.8,502.1,493.4,-34.9,-6.6,<b>PR</b> (Puerto Rico)<br>CI 2026: 528 gCO₂/kWh<br>CI 2030: 493 gCO₂/kWh<br>Δ: <b>-35</b> (-6.6%)<br>Trend: -1.63%/yr
PS,31.9103,35.1955,439.7,-0.014364,Palestine,D,433.4,427.1,420.8,414.5,408.2,-25.2,-5.8,<b>PS</b> (Palestine)<br>CI 2026: 433 gCO₂/kWh<br>CI 2030: 408 gCO₂/kWh<br>Δ: <b>-25</b> (-5.8%)<br>Trend: -1.44%/yr
PT,39.6882,-7.9838,80.6,-0.130569,Portugal,A,70.1,59.6,49.1,38.5,28.0,-42.1,-60.1,<b>PT</b> (Portugal)<br>CI 2026: 70 gCO₂/kWh<br>CI 2030: 28 gCO₂/kWh<br>Δ: <b>-42</b> (-60.1%)<br>Trend: -13.06%/yr
PT-MA,32.7542,-16.9564,408.0,-0.077487,Portugal,D,376.4,344.8,313.2,281.5,249.9,-126.5,-33.6,<b>PT-MA</b> (Portugal)<br>CI 2026: 376 gCO₂/kWh<br>CI 2030: 250 gCO₂/kWh<br>Δ: <b>-126</b> (-33.6%)<br>Trend: -7.75%/yr
PW,7.5191,134.5759,101.5,0.0613,Philippines,A,107.7,113.9,120.1,126.3,132.6,24.9,23.1,<b>PW</b> (Philippines)<br>CI 2026: 108 gCO₂/kWh<br>CI 2030: 133 gCO₂/kWh<br>Δ: <b>+25</b> (+23.1%)<br>Trend: 6.13%/yr
PY,-23.2312,-58.3966,23.8,-0.064286,Paraguay,A,22.2,20.7,19.2,17.6,16.1,-6.1,-27.5,<b>PY</b> (Paraguay)<br>CI 2026: 22 gCO₂/kWh<br>CI 2030: 16 gCO₂/kWh<br>Δ: <b>-6</b> (-27.5%)<br>Trend: -6.43%/yr
QA,25.3063,51.1806,372.1,0.022978,Qatar,C,380.7,389.2,397.8,406.3,414.9,34.2,9.0,<b>QA</b> (Qatar)<br>CI 2026: 381 gCO₂/kWh<br>CI 2030: 415 gCO₂/kWh<br>Δ: <b>+34</b> (+9.0%)<br>Trend: 2.30%/yr
RE,-21.1223,55.528,479.3,0.022086,Reunion,D,489.9,500.4,511.0,521.6,532.2,42.3,8.6,<b>RE</b> (Reunion)<br>CI 2026: 490 gCO₂/kWh<br>CI 2030: 532 gCO₂/kWh<br>Δ: <b>+42</b> (+8.6%)<br>Trend: 2.21%/yr
RO,45.8553,24.9735,303.2,-0.035334,Romania,C,292.5,281.8,271.1,260.4,249.7,-42.8,-14.6,<b>RO</b> (Romania)<br>CI 2026: 292 gCO₂/kWh<br>CI 2030: 250 gCO₂/kWh<br>Δ: <b>-43</b> (-14.6%)<br>Trend: -3.53%/yr
RS,44.2285,20.7853,600.0,-0.034193,Serbia,E,579.5,559.0,538.5,517.9,497.4,-82.1,-14.2,<b>RS</b> (Serbia)<br>CI 2026: 580 gCO₂/kWh<br>CI 2030: 497 gCO₂/kWh<br>Δ: <b>-82</b> (-14.2%)<br>Trend: -3.42%/yr
RU-1,58.9218,54.5937,304.1,-0.016325,Russia,C,299.1,294.1,289.2,284.2,279.2,-19.9,-6.7,<b>RU-1</b> (Russia)<br>CI 2026: 299 gCO₂/kWh<br>CI 2030: 279 gCO₂/kWh<br>Δ: <b>-20</b> (-6.7%)<br>Trend: -1.63%/yr
RU-2,62.0287,96.9202,343.9,0.024,Russia,C,352.2,360.4,368.7,376.9,385.2,33.0,9.4,<b>RU-2</b> (Russia)<br>CI 2026: 352 gCO₂/kWh<br>CI 2030: 385 gCO₂/kWh<br>Δ: <b>+33</b> (+9.4%)<br>Trend: 2.40%/yr
RU-EU,66.4083,52.0554,11.5,0.021502,Russia,A,11.8,12.0,12.3,12.5,12.8,1.0,8.5,<b>RU-EU</b> (Russia)<br>CI 2026: 12 gCO₂/kWh<br>CI 2030: 13 gCO₂/kWh<br>Δ: <b>+1</b> (+8.5%)<br>Trend: 2.15%/yr
RU-AS,63.2223,131.0847,367.1,0.021491,Russia,C,374.9,382.8,390.7,398.6,406.5,31.6,8.4,<b>RU-AS</b> (Russia)<br>CI 2026: 375 gCO₂/kWh<br>CI 2030: 406 gCO₂/kWh<br>Δ: <b>+32</b> (+8.4%)<br>Trend: 2.15%/yr
RU-FE,63.1672,137.0284,366.1,0.024,Russia,C,374.9,383.7,392.5,401.3,410.1,35.2,9.4,<b>RU-FE</b> (Russia)<br>CI 2026: 375 gCO₂/kWh<br>CI 2030: 410 gCO₂/kWh<br>Δ: <b>+35</b> (+9.4%)<br>Trend: 2.40%/yr
RU-KGD,54.6996,21.3837,451.0,-0.062151,Russia,D,423.0,395.0,366.9,338.9,310.9,-112.1,-26.5,<b>RU-KGD</b> (Russia)<br>CI 2026: 423 gCO₂/kWh<br>CI 2030: 311 gCO₂/kWh<br>Δ: <b>-112</b> (-26.5%)<br>Trend: -6.22%/yr
RW,-1.9915,29.9167,103.3,0.019373,Rwanda,A,105.3,107.3,109.3,111.3,113.3,8.0,7.6,<b>RW</b> (Rwanda)<br>CI 2026: 105 gCO₂/kWh<br>CI 2030: 113 gCO₂/kWh<br>Δ: <b>+8</b> (+7.6%)<br>Trend: 1.94%/yr
SG,1.3485,103.8086,378.5,0.026518,Singapore,C,388.5,398.6,408.6,418.6,428.7,40.2,10.3,<b>SG</b> (Singapore)<br>CI 2026: 388 gCO₂/kWh<br>CI 2030: 429 gCO₂/kWh<br>Δ: <b>+40</b> (+10.3%)<br>Trend: 2.65%/yr
SI,46.1181,14.8204,260.4,-0.049316,Slovenia,B,247.6,234.7,221.9,209.0,196.2,-51.4,-20.8,<b>SI</b> (Slovenia)<br>CI 2026: 248 gCO₂/kWh<br>CI 2030: 196 gCO₂/kWh<br>Δ: <b>-51</b> (-20.8%)<br>Trend: -4.93%/yr
SJ,78.8619,18.4668,30.1,0.15,Norway,A,34.6,39.1,43.6,48.1,52.6,18.0,52.0,<b>SJ</b> (Norway)<br>CI 2026: 35 gCO₂/kWh<br>CI 2030: 53 gCO₂/kWh<br>Δ: <b>+18</b> (+52.0%)<br>Trend: 15.00%/yr
SK,48.702,19.481,191.4,-0.098728,Slovakia,B,172.5,153.6,134.7,115.8,96.9,-75.6,-43.8,<b>SK</b> (Slovakia)<br>CI 2026: 172 gCO₂/kWh<br>CI 2030: 97 gCO₂/kWh<br>Δ: <b>-76</b> (-43.8%)<br>Trend: -9.87%/yr
SL,8.5646,-11.8001,50.0,0.036969,Sierra Leone,A,51.8,53.7,55.5,57.4,59.2,7.4,14.3,<b>SL</b> (Sierra Leone)<br>CI 2026: 52 gCO₂/kWh<br>CI 2030: 59 gCO₂/kWh<br>Δ: <b>+7</b> (+14.3%)<br>Trend: 3.70%/yr
SO,6.0713,45.8566,26.1,0.0031,Djibouti,A,26.2,26.3,26.4,26.5,26.5,0.3,1.1,<b>SO</b> (Djibouti)<br>CI 2026: 26 gCO₂/kWh<br>CI 2030: 26 gCO₂/kWh<br>Δ: <b>+0</b> (+1.1%)<br>Trend: 0.31%/yr
SR,4.1295,-55.9196,370.6,0.037818,Suriname,C,384.6,398.6,412.6,426.7,440.7,56.1,14.6,<b>SR</b> (Suriname)<br>CI 2026: 385 gCO₂/kWh<br>CI 2030: 441 gCO₂/kWh<br>Δ: <b>+56</b> (+14.6%)<br>Trend: 3.78%/yr
SV,13.7324,-88.8745,228.6,-0.01077,El Salvador,B,226.1,223.7,221.2,218.8,216.3,-9.8,-4.3,<b>SV</b> (El Salvador)<br>CI 2026: 226 gCO₂/kWh<br>CI 2030: 216 gCO₂/kWh<br>Δ: <b>-10</b> (-4.3%)<br>Trend: -1.08%/yr
SY,35.0203,38.5058,498.8,-0.03814,Syria,D,479.7,460.7,441.7,422.7,403.7,-76.0,-15.8,<b>SY</b> (Syria)<br>CI 2026: 480 gCO₂/kWh<br>CI 2030: 404 gCO₂/kWh<br>Δ: <b>-76</b> (-15.8%)<br>Trend: -3.81%/yr
SZ,-26.5627,31.4917,132.4,-0.00244,Eswatini,A,132.1,131.7,131.4,131.1,130.8,-1.3,-1.0,<b>SZ</b> (Eswatini)<br>CI 2026: 132 gCO₂/kWh<br>CI 2030: 131 gCO₂/kWh<br>Δ: <b>-1</b> (-1.0%)<br>Trend: -0.24%/yr
TD,15.3233,18.6499,23.9,-0.0331,Chad,A,23.1,22.3,21.5,20.8,20.0,-3.1,-13.4,<b>TD</b> (Chad)<br>CI 2026: 23 gCO₂/kWh<br>CI 2030: 20 gCO₂/kWh<br>Δ: <b>-3</b> (-13.4%)<br>Trend: -3.31%/yr
TF,-49.293,69.4649,61.2,0.0048,Reunion,A,61.5,61.8,62.1,62.4,62.7,1.2,2.0,<b>TF</b> (Reunion)<br>CI 2026: 62 gCO₂/kWh<br>CI 2030: 63 gCO₂/kWh<br>Δ: <b>+1</b> (+2.0%)<br>Trend: 0.48%/yr
TG,8.5231,0.9637,301.3,0.012705,Togo,C,305.1,309.0,312.8,316.6,320.5,15.4,5.0,<b>TG</b> (Togo)<br>CI 2026: 305 gCO₂/kWh<br>CI 2030: 320 gCO₂/kWh<br>Δ: <b>+15</b> (+5.0%)<br>Trend: 1.27%/yr
TH,15.1327,101.0066,356.9,0.028366,Thailand,C,367.1,377.2,387.3,397.5,407.6,40.5,11.0,<b>TH</b> (Thailand)<br>CI 2026: 367 gCO₂/kWh<br>CI 2030: 408 gCO₂/kWh<br>Δ: <b>+40</b> (+11.0%)<br>Trend: 2.84%/yr
TN,34.1263,9.556,394.2,-0.021024,Tunisia,C,385.9,377.6,369.4,361.1,352.8,-33.1,-8.6,<b>TN</b> (Tunisia)<br>CI 2026: 386 gCO₂/kWh<br>CI 2030: 353 gCO₂/kWh<br>Δ: <b>-33</b> (-8.6%)<br>Trend: -2.10%/yr
TR,39.06,35.1635,495.2,-0.049323,Turkey,D,470.8,446.4,422.0,397.5,373.1,-97.7,-20.8,<b>TR</b> (Turkey)<br>CI 2026: 471 gCO₂/kWh<br>CI 2030: 373 gCO₂/kWh<br>Δ: <b>-98</b> (-20.8%)<br>Trend: -4.93%/yr
TT,10.4445,-61.2743,522.3,0.010433,Trinidad and Tobago,D,527.8,533.2,538.7,544.1,549.6,21.8,4.1,<b>TT</b> (Trinidad and Tobago)<br>CI 2026: 528 gCO₂/kWh<br>CI 2030: 550 gCO₂/kWh<br>Δ: <b>+22</b> (+4.1%)<br>Trend: 1.04%/yr
TW,23.7454,120.9621,533.9,-0.012638,Taiwan,D,527.1,520.4,513.6,506.9,500.1,-27.0,-5.1,<b>TW</b> (Taiwan)<br>CI 2026: 527 gCO₂/kWh<br>CI 2030: 500 gCO₂/kWh<br>Δ: <b>-27</b> (-5.1%)<br>Trend: -1.26%/yr
TZ,-6.2714,34.8117,335.6,-0.073156,Tanzania,C,311.0,286.5,261.9,237.4,212.8,-98.2,-31.6,<b>TZ</b> (Tanzania)<br>CI 2026: 311 gCO₂/kWh<br>CI 2030: 213 gCO₂/kWh<br>Δ: <b>-98</b> (-31.6%)<br>Trend: -7.32%/yr
UA,49.1615,31.2542,314.2,-0.10907,Ukraine,C,279.9,245.7,211.4,177.1,142.9,-137.0,-48.9,<b>UA</b> (Ukraine)<br>CI 2026: 280 gCO₂/kWh<br>CI 2030: 143 gCO₂/kWh<br>Δ: <b>-137</b> (-48.9%)<br>Trend: -10.91%/yr
UA-CR,45.3022,34.3454,299.9,-0.06358,Ukraine,C,280.8,261.8,242.7,223.6,204.6,-76.2,-27.1,<b>UA-CR</b> (Ukraine)<br>CI 2026: 281 gCO₂/kWh<br>CI 2030: 205 gCO₂/kWh<br>Δ: <b>-76</b> (-27.1%)<br>Trend: -6.36%/yr
UG,1.2712,32.3702,64.9,0.0351,Uganda,A,67.2,69.4,71.7,74.0,76.3,9.1,13.5,<b>UG</b> (Uganda)<br>CI 2026: 67 gCO₂/kWh<br>CI 2030: 76 gCO₂/kWh<br>Δ: <b>+9</b> (+13.5%)<br>Trend: 3.51%/yr
US-AK,64.2917,-152.3807,24.7,-0.05157,United States,A,23.4,22.1,20.8,19.6,18.3,-5.1,-21.8,<b>US-AK</b> (United States)<br>CI 2026: 23 gCO₂/kWh<br>CI 2030: 18 gCO₂/kWh<br>Δ: <b>-5</b> (-21.8%)<br>Trend: -5.16%/yr
US-AK-SEAPA,55.8242,-132.021,105.4,-0.03536,United States,A,101.7,98.0,94.2,90.5,86.8,-14.9,-14.7,<b>US-AK-SEAPA</b> (United States)<br>CI 2026: 102 gCO₂/kWh<br>CI 2030: 87 gCO₂/kWh<br>Δ: <b>-15</b> (-14.7%)<br>Trend: -3.54%/yr
US-CAL-BANC,40.2325,-122.7546,206.1,-0.006749,United States,B,204.7,203.3,201.9,200.5,199.1,-5.6,-2.7,<b>US-CAL-BANC</b> (United States)<br>CI 2026: 205 gCO₂/kWh<br>CI 2030: 199 gCO₂/kWh<br>Δ: <b>-6</b> (-2.7%)<br>Trend: -0.67%/yr
US-CAL-CISO,36.7114,-119.411,206.8,-0.011328,United States,B,204.5,202.1,199.8,197.4,195.1,-9.4,-4.6,<b>US-CAL-CISO</b> (United States)<br>CI 2026: 204 gCO₂/kWh<br>CI 2030: 195 gCO₂/kWh<br>Δ: <b>-9</b> (-4.6%)<br>Trend: -1.13%/yr
US-CAL-IID,33.2387,-115.5691,350.2,0.00927,United States,C,353.4,356.7,359.9,363.2,366.4,13.0,3.7,<b>US-CAL-IID</b> (United States)<br>CI 2026: 353 gCO₂/kWh<br>CI 2030: 366 gCO₂/kWh<br>Δ: <b>+13</b> (+3.7%)<br>Trend: 0.93%/yr
US-CAL-LDWP,36.1255,-118.1662,203.8,0.007201,United States,B,205.3,206.8,208.2,209.7,211.2,5.9,2.9,<b>US-CAL-LDWP</b> (United States)<br>CI 2026: 205 gCO₂/kWh<br>CI 2030: 211 gCO₂/kWh<br>Δ: <b>+6</b> (+2.9%)<br>Trend: 0.72%/yr
US-CAL-TIDC,37.5192,-120.9779,318.5,-0.004989,United States,C,316.9,315.3,313.7,312.1,310.5,-6.4,-2.0,<b>US-CAL-TIDC</b> (United States)<br>CI 2026: 317 gCO₂/kWh<br>CI 2030: 310 gCO₂/kWh<br>Δ: <b>-6</b> (-2.0%)<br>Trend: -0.50%/yr
US-CAR-CPLE,35.1525,-78.134,299.8,0.009386,United States,C,302.6,305.4,308.3,311.1,313.9,11.3,3.7,<b>US-CAR-CPLE</b> (United States)<br>CI 2026: 303 gCO₂/kWh<br>CI 2030: 314 gCO₂/kWh<br>Δ: <b>+11</b> (+3.7%)<br>Trend: 0.94%/yr
US-CAR-CPLW,35.6549,-82.5239,362.1,0.012324,United States,C,366.6,371.1,375.5,380.0,384.5,17.9,4.9,<b>US-CAR-CPLW</b> (United States)<br>CI 2026: 367 gCO₂/kWh<br>CI 2030: 384 gCO₂/kWh<br>Δ: <b>+18</b> (+4.9%)<br>Trend: 1.23%/yr
US-CAR-DUK,35.5132,-81.0708,290.9,0.012196,United States,C,294.4,298.0,301.5,305.0,308.6,14.2,4.8,<b>US-CAR-DUK</b> (United States)<br>CI 2026: 294 gCO₂/kWh<br>CI 2030: 309 gCO₂/kWh<br>Δ: <b>+14</b> (+4.8%)<br>Trend: 1.22%/yr
US-CAR-SC,34.013,-79.8805,468.7,0.013953,United States,D,475.2,481.8,488.3,494.9,501.4,26.2,5.5,<b>US-CAR-SC</b> (United States)<br>CI 2026: 475 gCO₂/kWh<br>CI 2030: 501 gCO₂/kWh<br>Δ: <b>+26</b> (+5.5%)<br>Trend: 1.40%/yr
US-CAR-SCEG,33.4323,-81.0714,373.8,0.004207,United States,C,375.4,376.9,378.5,380.1,381.7,6.3,1.7,<b>US-CAR-SCEG</b> (United States)<br>CI 2026: 375 gCO₂/kWh<br>CI 2030: 382 gCO₂/kWh<br>Δ: <b>+6</b> (+1.7%)<br>Trend: 0.42%/yr
US-CENT-SPA,36.1098,-90.5652,152.2,-0.005069,United States,B,151.4,150.6,149.9,149.1,148.3,-3.1,-2.0,<b>US-CENT-SPA</b> (United States)<br>CI 2026: 151 gCO₂/kWh<br>CI 2030: 148 gCO₂/kWh<br>Δ: <b>-3</b> (-2.0%)<br>Trend: -0.51%/yr
US-CENT-SWPP,40.1297,-98.9886,394.0,-0.039514,United States,C,378.4,362.9,347.3,331.7,316.2,-62.2,-16.4,<b>US-CENT-SWPP</b> (United States)<br>CI 2026: 378 gCO₂/kWh<br>CI 2030: 316 gCO₂/kWh<br>Δ: <b>-62</b> (-16.4%)<br>Trend: -3.95%/yr
US-FLA-FMPP,28.1259,-81.2774,408.1,0.003005,United States,D,409.3,410.5,411.7,413.0,414.2,4.9,1.2,<b>US-FLA-FMPP</b> (United States)<br>CI 2026: 409 gCO₂/kWh<br>CI 2030: 414 gCO₂/kWh<br>Δ: <b>+5</b> (+1.2%)<br>Trend: 0.30%/yr
US-FLA-FPC,28.6828,-82.5081,392.7,-0.002313,United States,C,391.8,390.9,389.9,389.0,388.1,-3.7,-0.9,<b>US-FLA-FPC</b> (United States)<br>CI 2026: 392 gCO₂/kWh<br>CI 2030: 388 gCO₂/kWh<br>Δ: <b>-4</b> (-0.9%)<br>Trend: -0.23%/yr
US-NW-NWMT,46.7132,-110.4828,405.2,0.090164,United States,D,441.7,478.3,514.8,551.3,587.9,146.2,33.1,<b>US-NW-NWMT</b> (United States)<br>CI 2026: 442 gCO₂/kWh<br>CI 2030: 588 gCO₂/kWh<br>Δ: <b>+146</b> (+33.1%)<br>Trend: 9.02%/yr
US-FLA-GVL,29.6669,-82.3492,487.5,-0.005885,United States,D,484.6,481.7,478.9,476.0,473.1,-11.5,-2.4,<b>US-FLA-GVL</b> (United States)<br>CI 2026: 485 gCO₂/kWh<br>CI 2030: 473 gCO₂/kWh<br>Δ: <b>-12</b> (-2.4%)<br>Trend: -0.59%/yr
US-FLA-HST,25.5877,-80.5812,310.4,0.034249,United States,C,321.0,331.7,342.3,352.9,363.5,42.5,13.2,<b>US-FLA-HST</b> (United States)<br>CI 2026: 321 gCO₂/kWh<br>CI 2030: 364 gCO₂/kWh<br>Δ: <b>+42</b> (+13.2%)<br>Trend: 3.42%/yr
US-FLA-JEA,30.4602,-83.6152,405.1,-0.033724,United States,D,391.4,377.8,364.1,350.4,336.8,-54.6,-13.9,<b>US-FLA-JEA</b> (United States)<br>CI 2026: 391 gCO₂/kWh<br>CI 2030: 337 gCO₂/kWh<br>Δ: <b>-55</b> (-13.9%)<br>Trend: -3.37%/yr
US-SW-WALC,34.1837,-110.605,349.8,0.007095,United States,C,352.3,354.8,357.3,359.7,362.2,9.9,2.8,<b>US-SW-WALC</b> (United States)<br>CI 2026: 352 gCO₂/kWh<br>CI 2030: 362 gCO₂/kWh<br>Δ: <b>+10</b> (+2.8%)<br>Trend: 0.71%/yr
US-FLA-SEC,28.9944,-82.5093,392.8,-0.002569,United States,C,391.8,390.8,389.7,388.7,387.7,-4.1,-1.0,<b>US-FLA-SEC</b> (United States)<br>CI 2026: 392 gCO₂/kWh<br>CI 2030: 388 gCO₂/kWh<br>Δ: <b>-4</b> (-1.0%)<br>Trend: -0.26%/yr
US-FLA-TAL,30.4541,-84.2438,374.2,-0.025122,United States,C,364.8,355.4,346.0,336.6,327.2,-37.6,-10.3,<b>US-FLA-TAL</b> (United States)<br>CI 2026: 365 gCO₂/kWh<br>CI 2030: 327 gCO₂/kWh<br>Δ: <b>-38</b> (-10.3%)<br>Trend: -2.51%/yr
US-FLA-TEC,27.9336,-82.2267,381.6,0.003097,United States,C,382.8,384.0,385.1,386.3,387.5,4.7,1.2,<b>US-FLA-TEC</b> (United States)<br>CI 2026: 383 gCO₂/kWh<br>CI 2030: 388 gCO₂/kWh<br>Δ: <b>+5</b> (+1.2%)<br>Trend: 0.31%/yr
US-HI,20.2273,-156.3208,18.3,-0.0328,United States,A,17.7,17.1,16.5,15.9,15.3,-2.4,-13.6,<b>US-HI</b> (United States)<br>CI 2026: 18 gCO₂/kWh<br>CI 2030: 15 gCO₂/kWh<br>Δ: <b>-2</b> (-13.6%)<br>Trend: -3.28%/yr
US-MIDA-PJM,39.4518,-80.7363,337.3,-0.002404,United States,C,336.5,335.7,334.9,334.1,333.3,-3.2,-1.0,<b>US-MIDA-PJM</b> (United States)<br>CI 2026: 336 gCO₂/kWh<br>CI 2030: 333 gCO₂/kWh<br>Δ: <b>-3</b> (-1.0%)<br>Trend: -0.24%/yr
US-MIDW-AECI,38.1075,-93.0669,479.7,-0.030813,United States,D,464.9,450.2,435.4,420.6,405.8,-59.1,-12.7,<b>US-MIDW-AECI</b> (United States)<br>CI 2026: 465 gCO₂/kWh<br>CI 2030: 406 gCO₂/kWh<br>Δ: <b>-59</b> (-12.7%)<br>Trend: -3.08%/yr
US-MIDW-MISO,41.2129,-90.9468,402.9,-0.029582,United States,C,391.0,379.1,367.2,355.3,343.3,-47.7,-12.2,<b>US-MIDW-MISO</b> (United States)<br>CI 2026: 391 gCO₂/kWh<br>CI 2030: 343 gCO₂/kWh<br>Δ: <b>-48</b> (-12.2%)<br>Trend: -2.96%/yr
US-MIDW-LGEE,37.6088,-85.3175,338.9,-0.007385,United States,C,336.4,333.9,331.4,328.9,326.4,-10.0,-3.0,<b>US-MIDW-LGEE</b> (United States)<br>CI 2026: 336 gCO₂/kWh<br>CI 2030: 326 gCO₂/kWh<br>Δ: <b>-10</b> (-3.0%)<br>Trend: -0.74%/yr
US-NE-ISNE,44.2445,-70.652,247.7,0.016691,United States,B,251.8,256.0,260.1,264.2,268.4,16.6,6.6,<b>US-NE-ISNE</b> (United States)<br>CI 2026: 252 gCO₂/kWh<br>CI 2030: 268 gCO₂/kWh<br>Δ: <b>+17</b> (+6.6%)<br>Trend: 1.67%/yr
US-NW-AVA,47.0325,-116.7353,228.1,0.025857,United States,B,234.0,239.9,245.8,251.7,257.6,23.6,10.1,<b>US-NW-AVA</b> (United States)<br>CI 2026: 234 gCO₂/kWh<br>CI 2030: 258 gCO₂/kWh<br>Δ: <b>+24</b> (+10.1%)<br>Trend: 2.59%/yr
US-NW-BPAT,46.3802,-118.4239,205.0,0.028582,United States,B,210.9,216.7,222.6,228.4,234.3,23.4,11.1,<b>US-NW-BPAT</b> (United States)<br>CI 2026: 211 gCO₂/kWh<br>CI 2030: 234 gCO₂/kWh<br>Δ: <b>+23</b> (+11.1%)<br>Trend: 2.86%/yr
US-NW-CHPD,47.8743,-120.6347,28.9,0.01475,United States,A,29.3,29.7,30.1,30.6,31.0,1.7,5.8,<b>US-NW-CHPD</b> (United States)<br>CI 2026: 29 gCO₂/kWh<br>CI 2030: 31 gCO₂/kWh<br>Δ: <b>+2</b> (+5.8%)<br>Trend: 1.47%/yr
US-NW-DOPD,48.2411,-119.6111,35.0,0.013215,United States,A,35.5,35.9,36.4,36.8,37.3,1.8,5.1,<b>US-NW-DOPD</b> (United States)<br>CI 2026: 36 gCO₂/kWh<br>CI 2030: 37 gCO₂/kWh<br>Δ: <b>+2</b> (+5.1%)<br>Trend: 1.32%/yr
US-NW-GCPD,47.1988,-119.4578,54.4,0.017494,United States,A,55.4,56.3,57.3,58.2,59.2,3.8,6.9,<b>US-NW-GCPD</b> (United States)<br>CI 2026: 55 gCO₂/kWh<br>CI 2030: 59 gCO₂/kWh<br>Δ: <b>+4</b> (+6.9%)<br>Trend: 1.75%/yr
US-SW-AZPS,33.8173,-111.9669,289.4,0.008427,United States,C,291.8,294.3,296.7,299.2,301.6,9.8,3.4,<b>US-SW-AZPS</b> (United States)<br>CI 2026: 292 gCO₂/kWh<br>CI 2030: 302 gCO₂/kWh<br>Δ: <b>+10</b> (+3.4%)<br>Trend: 0.84%/yr
US-NW-IPCO,43.5281,-116.0859,267.7,0.078482,United States,B,288.7,309.7,330.7,351.7,372.7,84.0,29.1,<b>US-NW-IPCO</b> (United States)<br>CI 2026: 289 gCO₂/kWh<br>CI 2030: 373 gCO₂/kWh<br>Δ: <b>+84</b> (+29.1%)<br>Trend: 7.85%/yr
US-NW-NEVP,39.3407,-115.9768,382.5,-0.065451,United States,C,357.5,332.5,307.4,282.4,257.4,-100.1,-28.0,<b>US-NW-NEVP</b> (United States)<br>CI 2026: 358 gCO₂/kWh<br>CI 2030: 257 gCO₂/kWh<br>Δ: <b>-100</b> (-28.0%)<br>Trend: -6.55%/yr
US-FLA-FPL,27.4097,-81.2248,389.6,0.005414,United States,C,391.7,393.8,395.9,398.0,400.2,8.5,2.2,<b>US-FLA-FPL</b> (United States)<br>CI 2026: 392 gCO₂/kWh<br>CI 2030: 400 gCO₂/kWh<br>Δ: <b>+8</b> (+2.2%)<br>Trend: 0.54%/yr
US-NW-PACE,40.2696,-109.8823,530.0,-0.07083,United States,D,492.5,455.0,417.4,379.9,342.3,-150.2,-30.5,<b>US-NW-PACE</b> (United States)<br>CI 2026: 492 gCO₂/kWh<br>CI 2030: 342 gCO₂/kWh<br>Δ: <b>-150</b> (-30.5%)<br>Trend: -7.08%/yr
US-NW-PACW,43.3687,-121.3634,204.1,0.033923,United States,B,211.1,218.0,224.9,231.8,238.8,27.7,13.1,<b>US-NW-PACW</b> (United States)<br>CI 2026: 211 gCO₂/kWh<br>CI 2030: 239 gCO₂/kWh<br>Δ: <b>+28</b> (+13.1%)<br>Trend: 3.39%/yr
US-NW-PGE,45.2598,-122.6179,236.4,0.013869,United States,B,239.6,242.9,246.2,249.5,252.8,13.2,5.5,<b>US-NW-PGE</b> (United States)<br>CI 2026: 240 gCO₂/kWh<br>CI 2030: 253 gCO₂/kWh<br>Δ: <b>+13</b> (+5.5%)<br>Trend: 1.39%/yr
US-NW-PSCO,39.1013,-106.2886,422.7,-0.012499,United States,D,417.5,412.2,406.9,401.6,396.3,-21.2,-5.1,<b>US-NW-PSCO</b> (United States)<br>CI 2026: 418 gCO₂/kWh<br>CI 2030: 396 gCO₂/kWh<br>Δ: <b>-21</b> (-5.1%)<br>Trend: -1.25%/yr
US-NW-PSEI,48.0391,-121.7986,144.8,0.01635,United States,B,147.2,149.6,151.9,154.3,156.7,9.5,6.5,<b>US-NW-PSEI</b> (United States)<br>CI 2026: 147 gCO₂/kWh<br>CI 2030: 157 gCO₂/kWh<br>Δ: <b>+10</b> (+6.5%)<br>Trend: 1.64%/yr
US-NW-TPWR,47.065,-122.2635,90.9,0.017202,United States,A,92.5,94.1,95.6,97.2,98.8,6.3,6.8,<b>US-NW-TPWR</b> (United States)<br>CI 2026: 92 gCO₂/kWh<br>CI 2030: 99 gCO₂/kWh<br>Δ: <b>+6</b> (+6.8%)<br>Trend: 1.72%/yr
US-NW-WACM,41.4505,-103.3594,486.8,0.016804,United States,D,495.0,503.2,511.4,519.5,527.7,32.7,6.6,<b>US-NW-WACM</b> (United States)<br>CI 2026: 495 gCO₂/kWh<br>CI 2030: 528 gCO₂/kWh<br>Δ: <b>+33</b> (+6.6%)<br>Trend: 1.68%/yr
US-NW-WAUW,46.9307,-107.0838,264.6,0.024952,United States,B,271.2,277.8,284.4,291.0,297.6,26.4,9.7,<b>US-NW-WAUW</b> (United States)<br>CI 2026: 271 gCO₂/kWh<br>CI 2030: 298 gCO₂/kWh<br>Δ: <b>+26</b> (+9.7%)<br>Trend: 2.50%/yr
US-NY-NYIS,42.9286,-75.5026,246.8,0.026924,United States,B,253.4,260.0,266.7,273.3,280.0,26.6,10.5,<b>US-NY-NYIS</b> (United States)<br>CI 2026: 253 gCO₂/kWh<br>CI 2030: 280 gCO₂/kWh<br>Δ: <b>+27</b> (+10.5%)<br>Trend: 2.69%/yr
US-SE-SOCO,32.2831,-85.37,377.5,-0.002133,United States,C,376.7,375.8,375.0,374.2,373.4,-3.3,-0.9,<b>US-SE-SOCO</b> (United States)<br>CI 2026: 377 gCO₂/kWh<br>CI 2030: 373 gCO₂/kWh<br>Δ: <b>-3</b> (-0.9%)<br>Trend: -0.21%/yr
US-SW-EPE,32.3497,-106.3966,380.0,0.056556,United States,C,401.5,423.0,444.5,466.0,487.5,86.0,21.4,<b>US-SW-EPE</b> (United States)<br>CI 2026: 402 gCO₂/kWh<br>CI 2030: 488 gCO₂/kWh<br>Δ: <b>+86</b> (+21.4%)<br>Trend: 5.66%/yr
US-SW-SRP,33.4678,-112.4469,284.8,0.02646,United States,C,292.3,299.9,307.4,314.9,322.5,30.2,10.3,<b>US-SW-SRP</b> (United States)<br>CI 2026: 292 gCO₂/kWh<br>CI 2030: 322 gCO₂/kWh<br>Δ: <b>+30</b> (+10.3%)<br>Trend: 2.65%/yr
US-SW-PNM,34.8113,-106.2455,368.1,-0.047166,United States,C,350.7,333.4,316.0,298.6,281.3,-69.4,-19.8,<b>US-SW-PNM</b> (United States)<br>CI 2026: 351 gCO₂/kWh<br>CI 2030: 281 gCO₂/kWh<br>Δ: <b>-69</b> (-19.8%)<br>Trend: -4.72%/yr
US-SW-TEPC,34.811,-113.623,396.1,0.022521,United States,C,405.0,413.9,422.8,431.8,440.7,35.7,8.8,<b>US-SW-TEPC</b> (United States)<br>CI 2026: 405 gCO₂/kWh<br>CI 2030: 441 gCO₂/kWh<br>Δ: <b>+36</b> (+8.8%)<br>Trend: 2.25%/yr
US-TEN-TVA,35.3808,-86.9701,324.0,-0.004069,United States,C,322.7,321.4,320.1,318.7,317.4,-5.3,-1.6,<b>US-TEN-TVA</b> (United States)<br>CI 2026: 323 gCO₂/kWh<br>CI 2030: 317 gCO₂/kWh<br>Δ: <b>-5</b> (-1.6%)<br>Trend: -0.41%/yr
US-TEX-ERCO,31.1297,-99.234,326.4,0.02684,United States,C,335.1,343.9,352.6,361.4,370.2,35.1,10.5,<b>US-TEX-ERCO</b> (United States)<br>CI 2026: 335 gCO₂/kWh<br>CI 2030: 370 gCO₂/kWh<br>Δ: <b>+35</b> (+10.5%)<br>Trend: 2.68%/yr
VC,13.2339,-61.2168,496.1,-0.001545,Martinique,D,495.3,494.5,493.8,493.0,492.2,-3.1,-0.6,<b>VC</b> (Martinique)<br>CI 2026: 495 gCO₂/kWh<br>CI 2030: 492 gCO₂/kWh<br>Δ: <b>-3</b> (-0.6%)<br>Trend: -0.15%/yr
UY,-32.8042,-56.0156,60.0,-0.081813,Uruguay,A,55.1,50.2,45.3,40.4,35.5,-19.6,-35.6,<b>UY</b> (Uruguay)<br>CI 2026: 55 gCO₂/kWh<br>CI 2030: 36 gCO₂/kWh<br>Δ: <b>-20</b> (-35.6%)<br>Trend: -8.18%/yr
UZ,41.7546,63.1424,13.2,0.01358,Uzbekistan,A,13.4,13.6,13.8,14.0,14.1,0.7,5.2,<b>UZ</b> (Uzbekistan)<br>CI 2026: 13 gCO₂/kWh<br>CI 2030: 14 gCO₂/kWh<br>Δ: <b>+1</b> (+5.2%)<br>Trend: 1.36%/yr
VI,17.7389,-64.7712,537.5,-0.016569,Puerto Rico,D,528.6,519.7,510.8,501.9,493.0,-35.6,-6.7,<b>VI</b> (Puerto Rico)<br>CI 2026: 529 gCO₂/kWh<br>CI 2030: 493 gCO₂/kWh<br>Δ: <b>-36</b> (-6.7%)<br>Trend: -1.66%/yr
VU,-16.2297,167.6416,59.3,0.0628,New Caledonia,A,63.0,66.7,70.4,74.1,77.9,14.9,23.7,<b>VU</b> (New Caledonia)<br>CI 2026: 63 gCO₂/kWh<br>CI 2030: 78 gCO₂/kWh<br>Δ: <b>+15</b> (+23.7%)<br>Trend: 6.28%/yr
XK,42.5636,20.8682,568.6,-0.050153,Unknown,E,540.0,511.5,483.0,454.5,426.0,-114.0,-21.1,<b>XK</b> (Unknown)<br>CI 2026: 540 gCO₂/kWh<br>CI 2030: 426 gCO₂/kWh<br>Δ: <b>-114</b> (-21.1%)<br>Trend: -5.02%/yr
YE,15.9097,47.5996,6.0,-0.011705,Yemen,A,5.9,5.8,5.7,5.7,5.6,-0.3,-5.1,<b>YE</b> (Yemen)<br>CI 2026: 6 gCO₂/kWh<br>CI 2030: 6 gCO₂/kWh<br>Δ: <b>-0</b> (-5.1%)<br>Trend: -1.17%/yr
ZA,-29.0022,25.0875,720.5,-0.0128,South Africa,F,711.3,702.1,692.9,683.6,674.4,-36.9,-5.2,<b>ZA</b> (South Africa)<br>CI 2026: 711 gCO₂/kWh<br>CI 2030: 674 gCO₂/kWh<br>Δ: <b>-37</b> (-5.2%)<br>Trend: -1.28%/yr
ZM,-13.4593,27.7758,182.6,0.116753,Zambia,B,203.9,225.2,246.6,267.9,289.2,85.3,41.8,<b>ZM</b> (Zambia)<br>CI 2026: 204 gCO₂/kWh<br>CI 2030: 289 gCO₂/kWh<br>Δ: <b>+85</b> (+41.8%)<br>Trend: 11.68%/yr
ZW,-19.0045,29.8479,55.1,-0.07272,Zimbabwe,A,51.1,47.1,43.1,39.1,35.1,-16.0,-31.3,<b>ZW</b> (Zimbabwe)<br>CI 2026: 51 gCO₂/kWh<br>CI 2030: 35 gCO₂/kWh<br>Δ: <b>-16</b> (-31.3%)<br>Trend: -7.27%/yr
AU-WA-RI,-32.0146,115.4826,572.1,-0.007942,Australia,E,567.6,563.0,558.5,553.9,549.4,-18.2,-3.2,<b>AU-WA-RI</b> (Australia)<br>CI 2026: 568 gCO₂/kWh<br>CI 2030: 549 gCO₂/kWh<br>Δ: <b>-18</b> (-3.2%)<br>Trend: -0.79%/yr
AW,12.52,-69.9764,488.5,0.012906,Aruba,D,494.8,501.1,507.4,513.7,520.0,25.2,5.1,<b>AW</b> (Aruba)<br>CI 2026: 495 gCO₂/kWh<br>CI 2030: 520 gCO₂/kWh<br>Δ: <b>+25</b> (+5.1%)<br>Trend: 1.29%/yr
ES-IB-FO,38.6881,1.4642,352.5,-0.055133,Spain,C,333.0,313.6,294.2,274.7,255.3,-77.7,-23.3,<b>ES-IB-FO</b> (Spain)<br>CI 2026: 333 gCO₂/kWh<br>CI 2030: 255 gCO₂/kWh<br>Δ: <b>-78</b> (-23.3%)<br>Trend: -5.51%/yr
ES-CE,35.8949,-5.3442,586.5,-0.081482,Spain,E,538.7,490.9,443.1,395.3,347.5,-191.2,-35.5,<b>ES-CE</b> (Spain)<br>CI 2026: 539 gCO₂/kWh<br>CI 2030: 348 gCO₂/kWh<br>Δ: <b>-191</b> (-35.5%)<br>Trend: -8.15%/yr
ES-ML,35.2912,-2.9503,515.0,-0.003515,Spain,D,513.2,511.4,509.6,507.8,505.9,-7.3,-1.4,<b>ES-ML</b> (Spain)<br>CI 2026: 513 gCO₂/kWh<br>CI 2030: 506 gCO₂/kWh<br>Δ: <b>-7</b> (-1.4%)<br>Trend: -0.35%/yr
FO-SI,61.5287,-6.8348,420.4,-0.15,United Kingdom,D,357.4,294.3,231.2,168.2,105.1,-252.3,-70.6,<b>FO-SI</b> (United Kingdom)<br>CI 2026: 357 gCO₂/kWh<br>CI 2030: 105 gCO₂/kWh<br>Δ: <b>-252</b> (-70.6%)<br>Trend: -15.00%/yr
US-NW-SCL,47.6224,-122.3264,26.0,0.017011,United States,A,26.4,26.9,27.3,27.8,28.2,1.8,6.8,<b>US-NW-SCL</b> (United States)<br>CI 2026: 26 gCO₂/kWh<br>CI 2030: 28 gCO₂/kWh<br>Δ: <b>+2</b> (+6.8%)<br>Trend: 1.70%/yr
AU-LH,-31.5515,159.0763,110.0,-0.0299,Australia,A,106.7,103.4,100.1,96.9,93.6,-13.1,-12.3,<b>AU-LH</b> (Australia)<br>CI 2026: 107 gCO₂/kWh<br>CI 2030: 94 gCO₂/kWh<br>Δ: <b>-13</b> (-12.3%)<br>Trend: -2.99%/yr
GI,36.1369,-5.3492,579.8,-0.081482,Gibraltar,E,532.5,485.3,438.1,390.8,343.6,-188.9,-35.5,<b>GI</b> (Gibraltar)<br>CI 2026: 532 gCO₂/kWh<br>CI 2030: 344 gCO₂/kWh<br>Δ: <b>-189</b> (-35.5%)<br>Trend: -8.15%/yr
JE,49.2149,-2.1348,104.8,-0.022436,Unknown,A,102.4,100.1,97.7,95.4,93.0,-9.4,-9.2,<b>JE</b> (Unknown)<br>CI 2026: 102 gCO₂/kWh<br>CI 2030: 93 gCO₂/kWh<br>Δ: <b>-9</b> (-9.2%)<br>Trend: -2.24%/yr
GG,49.4527,-2.569,104.7,-0.022184,Unknown,A,102.4,100.0,97.7,95.4,93.1,-9.3,-9.1,<b>GG</b> (Unknown)<br>CI 2026: 102 gCO₂/kWh<br>CI 2030: 93 gCO₂/kWh<br>Δ: <b>-9</b> (-9.1%)<br>Trend: -2.22%/yr
CW,12.1914,-68.9688,494.2,0.009008,Unknown,D,498.7,503.1,507.6,512.0,516.5,17.8,3.6,<b>CW</b> (Unknown)<br>CI 2026: 499 gCO₂/kWh<br>CI 2030: 516 gCO₂/kWh<br>Δ: <b>+18</b> (+3.6%)<br>Trend: 0.90%/yr
